patient_id,health_insurance_id
036097234565,1008535840
001204407089,1794570039
024022931041,3006948306
089194926088,1931248449
001023167180,1864834967
001093549744,5981688629
001043886031,8494460384
001103248218,7225312404
052039482054,5026999038
052192711991,8348563270
001007821255,8963240330
001191058563,8760225651
001086440508,2273862173
001102175751,4180044942
001117667121,9697478684
001088668790,1738254094
001062342817,2758218450
062104363537,0766920020
082104187485,9359900015
001006026561,1026988792
001009182038,8869416353
001078138570,7677428792
001100662236,2138793110
091119214948,6688090302
001151371351,4076861887
001065864607,2575490105
051099087183,8881432423
001003359972,6069182792
093103974130,9619563530
092189550364,2653763858
001014981628,8250538688
034094428134,4343209591
001103286098,1695050298
001000522057,2537598246
064002431807,0639109257
037196922712,1934695251
001081096253,8610447140
025004325909,5376288289
014092662710,3867482530
054088550508,5808944267
001086831251,2217231057
001192631014,4008497045
001020474593,5082378497
001105017658,7756742933
001134764125,0605057805
045068001008,5833397004
001057700405,8798707608
001105229386,6509905506
015012180869,3362655975
048082835791,5526554348
001123561659,2232044797
008022161376,5731555534
001076584991,2892762894
001169173880,3876319070
001299730709,5998801548
064021403475,7412100607
034103201669,5914012626
001182884931,2466023891
001068413760,8316700818
067018214776,3406048462
037147574894,9954466759
001004293614,5178119893
084183484681,1937398831
031176272785,5361162865
001057068479,2411026154
001164230115,2127152792
001006851022,6379678255
001064070241,2872861086
001108935618,3138414946
077103331050,7681372544
001081581652,0758728069
001077648649,5115032589
001066685576,5891800715
014190503588,4534274666
001005892446,4009058217
001004952447,1778347417
006113908396,2813632418
002102527926,3012886189
001104114905,3681889403
001077533852,5646385507
001113858170,2196258702
027007893153,7266399439
001147327918,0186504083
011020871412,7096060245
075076282679,1962870677
091164597315,4528798725
001105540682,5244172222
001172421762,3356340982
001194827891,7666602482
056125642063,1526065038
095106851276,1633008814
077036785970,0622889808
060012252546,2834069038
048187775023,2106047505
051155989592,7237866005
001068002744,8592248845
094182955051,3489971949
062081981570,9673721817
001110759230,7908414174
020124560046,0718407170
001077142605,7513646800
015016857336,5927572315
001072392509,5375674080
001017042362,4521070008
001061097876,1713251847
001171099661,6887318643
001190687972,4242702236
056006030530,7467705583
020121725245,7681637202
001173344397,7875986239
044183780011,3291470205
070187075371,4571397826
001105968025,4673434809
001103275364,4348399800
001166233817,4990439996
001111700048,5525118713
001105920856,1944998659
010110744601,2318949371
001121822993,1613913210
001106766118,1078755945
001149373410,2502033702
094081040483,1693863658
001094051392,3680283504
001086832976,7700322521
001197000084,0173111964
001115626752,2843062927
001171578415,0056988076
083003403332,4097310131
020107548159,0588794102
079004786252,3940764918
001141238385,7028405850
001105007393,3186869555
080084455677,1258794153
001158890084,5702695012
001073590696,6227177743
022102569466,5488215743
079107798109,9373340019
072117557407,1890103603
001091293368,3956471030
031175267721,7552876519
001174705851,1082496130
017104408196,8277782049
001175357791,0512025564
001089134177,7132340659
001079616264,1362142727
084099444665,8184651296
001012113191,7353773212
001069346641,9942850828
062093711926,5869601610
060193331071,2027263038
001015784119,9420453073
001117399088,1241726891
017099665043,0838428329
066033434183,6334691948
001183506195,2880180307
001015368055,3234040644
042171416082,5089205767
001014400794,0836871953
001002078668,4406303766
080083467223,4883651227
001106591592,6452537895
001109043566,2167283750
001083527529,6545837652
001125139393,3713946408
096077122580,0192747296
082139667341,2830792529
017018096914,6852046498
001120348477,3695227958
001102800891,3339490115
045065482341,1523757243
001112592880,4246333234
058107160744,8823639927
001104344205,0033122603
001072725795,3687603224
001107601227,4527858038
054032933737,1016627644
001108942908,4278570863
001077806262,6552630712
096118206558,6419439273
001072317429,1449549584
001107316313,7352201588
001107343742,9176461397
001004548538,7220367356
001060516971,4207090601
001004708213,0861380055
001170323913,7111727529
001103801823,1478543395
080066746615,8179385644
001140264113,6552387575
001011350435,9469650965
001073943421,1180275491
036104436786,6679223376
017105325602,3888941013
001141385176,2138923638
001117543046,1216347302
001123543694,5348938419
001116615058,0569381533
006111468767,5397494802
001116974546,4014611004
051019858058,9424567565
033186877044,8757247833
058108287415,2900411694
058092000253,3634384135
001100336084,9981640455
027188765080,3860362950
001093950894,5027723181
001110247575,9165841207
051075170890,0174505613
001016511830,7949155510
001001815944,9366349045
001176563923,3993782914
001012126990,1836961485
086108586080,9904614143
001082011019,3666284035
001012894131,1073086739
001004058496,8123021683
001106445996,9112947873
001114288755,6397345071
045078532751,6753722058
001180469191,1851806074
001188557537,2202177712
001249056797,4316041080
001191766134,9416247299
010102951252,8802628337
001003655285,9659786226
033020230568,8316377136
068072346551,1634168799
082141621889,6969092432
049106782252,5093546903
001075771531,4965440362
001004419771,5274235263
001091882313,6089040947
001136897914,5188965209
001010144961,8554211117
064085864800,4221804303
001175505323,8822624365
001001210938,5183025296
027003262168,8234417164
094075921425,1107228420
001005982640,6099634247
001170610263,5897140371
084049479776,9144366413
001005367781,2189847520
012095844833,1833557951
001193467514,5351241205
086065181608,9556299999
001196228215,4904456250
054069912029,6895613305
079187089675,1980508017
001015369551,4195979482
025016137940,3495456319
001164047990,2038613495
079166390296,3960503501
001017005096,4840050703
001103607382,0586819106
001116585440,6432232804
083167131049,9260966667
001074535217,7534504076
001069906531,9967450527
011101229488,2701478929
001219950220,3499308829
036133151215,1518319202
030095890457,4020038608
074112861717,0044164745
011206497291,5273926774
084096709633,5190788179
001113397953,6342207119
058094156727,8946050365
001106019564,5259552929
001080587669,9748562289
066090706465,4692748627
001004983605,7636100929
060099206501,2499359248
001096005863,0775963465
001111123031,0325510565
001102661477,2158224529
020187450569,4018445041
001204431631,9956885762
045025302652,2769840921
001009640153,8114576222
001006767989,5689198427
093014596863,1867767195
001068609170,4808919121
042167345189,0730557099
001142034473,2362126052
010109863564,2343555763
001103870432,9693354920
011033294441,0622555029
086107871974,8879067080
001073598161,4791786066
001147795913,5359480150
001007833360,2220199686
001006082077,7816741568
025159824120,5248518503
001106432390,5760000925
019112412682,3375057385
001015803930,6513084366
051167458894,7086149994
012111473169,2277181846
074210777401,0841593932
072087687539,5392932745
012123172175,7932101942
030185933624,1515252921
066007054006,3475953324
001066316236,3710432849
001082093289,8894720111
001057723911,9527999969
010094557060,8446824189
001083167864,0880165825
001114558710,9557775565
001000285975,5813034134
001084603312,1332534510
037196667377,0136230756
002108481855,4640344661
020212801564,2494795594
001117906227,5661950685
001163294717,8357666852
001113159374,8520561935
001100237104,7661536249
001170790669,0755641691
077114809819,5765249872
010055741262,8421424328
051102425440,9899810033
095001448473,1016047931
001175915546,0822195309
036007026679,9611499599
045186969415,2796489441
054169589298,8740007289
002017656539,0074057095
001005672847,1405751109
001118178083,1949564462
012120461242,4087609195
001085964662,5230666233
077108167331,5476188261
001106229427,4036805213
001004305252,1575684775
038189823497,3293241969
001117967230,6109509947
001082124147,8352322650
077022030022,1534785394
001091744182,7188340538
001131014244,0512930619
001103227135,3614071487
001190153885,4129184432
058053741623,2648031161
001160633257,0682279379
001083401108,0755934721
048108586029,9339586495
084055770364,2313529341
001116566726,0009981596
054119316308,6720152672
091112434376,0712671562
040106933681,9645957603
036005346353,5505017844
014114991323,4919669646
086082617996,5894721312
001081541291,4532031203
095192941500,7537270949
002167370994,4671429799
001103730466,7298552684
001004534972,2730792118
031017406607,4558252588
001013539049,5181828197
001103298498,0897419355
001108365619,1883444739
026109615263,1904295622
001138732525,1307107807
001097149727,6210626409
001096703766,4766120961
001009215283,5081408482
001006625821,0250239860
001005786179,2174633631
012295095679,1715919042
001293011943,9593364627
040022590175,3663527341
001171801491,1208683272
001118198106,4551661665
040085205517,8288010172
001003195692,1255998971
001008993256,7631052780
062110260540,2582190211
001003800040,0218346996
001180950043,7882934450
001096700488,6452965106
001177910485,5635083281
001082630441,2300825169
011194372853,6328763185
001111092666,3156422930
001050703265,1369766119
048148085103,0868995173
001089648335,3310855454
001003498150,6392573948
001072627764,9301428500
033137323744,1565705444
001073253757,3779062192
030109432684,5761259857
092099636397,4723923005
001171892516,0845898517
001110692963,0874406938
001104780073,4735671147
072000765349,2015784554
040116226942,4602147112
056108455243,6628408584
001117204360,7106573039
001119224652,8835196963
034005566193,8316727942
001116840449,7533086119
089004610254,2395727162
001003570777,3429019936
042090724163,1728053938
072070425583,8939402516
001015954330,4772112423
001006006303,8531772695
001109584038,6743305636
020124412030,8611161677
001004054749,2917024913
001107369557,4932577361
045080188949,7509896245
040076670991,8707524202
001017581306,4710415727
001017413461,2666266688
001004821935,5904357200
001075580073,3283730317
001016136031,9886100609
079180685724,5000034115
001147544426,9385480680
042005009264,2674486097
001160998775,0185921527
014018863702,9952650784
001185352749,2762143812
001198675717,8766610371
060166928455,9346304157
001104699462,6218874428
001004600382,0037412993
083008197064,2410893751
001188237461,0058939504
001081798417,1324662685
001002987750,2309550735
001019012454,3608702094
084115646720,3120987508
001115341634,9130999983
001106320704,9505560339
001171797098,7919099243
001019807882,0050785001
001046342599,6990690923
024093811406,7684544272
034170322075,4061758729
086016735290,8464414981
001105466192,4994484495
001065739789,8829216245
001104345604,8119785563
001171944157,8719532470
001090944998,0772128466
001034720075,5049999689
011000157933,7334144869
001102667954,7239279403
001016979749,8028372145
051197122579,7315624175
094108757232,3865490755
006206331650,7942855776
092078307734,4781757750
001145091430,1169458628
051172419116,0073759216
001009065878,5575946382
001143942981,8199059669
001125140971,7425331697
001177317247,4079231492
096019693557,9162062598
001166546589,5664682368
001183153733,6042242414
092101431628,0914951539
001209041998,5794194933
001075707251,1806235449
001086930205,1770187393
040000958990,8949980001
001140899256,1617657633
054087747228,5832678532
037190687433,8488813382
001173219715,6537843923
001138731391,4212172695
001167994315,8669307982
031006759924,5928458302
010095527606,0798505149
001105679460,6254899721
001065144063,7032776099
001085272264,1883841850
001106899577,9041113354
001173079596,4219190952
025171768894,1727404364
001102214307,3454257983
001181894429,0720883560
001193381519,7445058622
001185624197,5775555000
001065478127,9307408079
040143774383,7908914894
001075407831,8161071585
001106540711,0969112065
001104486425,3334797833
092014474139,4184887698
001067008969,9260839180
082196446506,2660559241
001145095312,5098621280
001231146435,4228059486
001145208460,0814099669
095189887246,0916595148
026009320461,5633386647
040004061612,7907282568
046186671041,7723403957
001001475539,5559511209
001075713179,5394927860
001079971370,0993358380
030111110424,5112382661
001074265121,1629345351
025110384550,2072802466
045067916685,2535247613
031009035901,6461771710
001003437089,8612486714
077199403373,5839493210
001105321611,8946897100
001169756559,5507809272
012165749822,9474375821
001064452300,3198334199
072085888900,1866055293
077069655343,1167876417
001104224851,3017230138
001106353723,1557649100
014172092906,7302246041
001006908129,0516098673
001110519430,5653882620
001101364739,1012208407
001196183898,9705140912
051091826292,4861890435
096193791808,7112925961
083095883467,3067814383
001121905800,8869697327
001110894791,1859773572
001117278869,9379233211
042091384973,8377639674
074069004109,9364826420
001187086208,1912292179
001004260537,6073181871
001106576090,3754006519
001171686328,4294915497
001096593933,4400378007
001006683450,8869374299
001094524482,2910178983
001141069027,8459344044
001105774881,3805087191
001033204158,8448081746
001278373518,2392913817
036109133449,5136508393
001167444782,5909527751
048015533744,3871129571
068117311310,3301822264
001004459181,0031111419
051019402301,1148959902
082065022350,1905191449
072002104532,7581594288
001182581237,2704315351
033075689464,4037827444
087013804247,3143808554
010001300140,8608377614
001017616144,0596662807
001039756425,6397448282
086106987282,4724065909
001140256627,0811060418
001175961239,8482230323
001193065020,1412526132
001009488778,6325761718
001184469627,1090877523
001146487558,6833403201
075186381273,2103067947
001190331753,6092960805
001003187206,4287339095
001075521951,5307862305
084086617387,2365503700
033187313682,8322599620
044179598472,2800717106
001074516113,8010875299
091002002935,4990056660
001171700876,8942544963
001138997083,0794315122
040010579475,4726903729
054004636435,1505452540
001003621636,8146600276
001076497467,5572662664
001106458667,5936825822
042147546776,7042899667
040070793910,5345366348
089093636071,9675174113
001191239217,7153091201
001076124619,1616652584
001176858168,7552581329
019012697905,2519647267
034070261855,8383835275
001174345514,8642085972
001076806800,9504325661
001152095243,9467129205
001102621115,7357859629
051112982646,5494799426
075006078958,0947862292
001107014362,7850374134
001117483738,0224892502
054012495817,5343234797
082276940935,9331872021
001072157972,7852345621
001111087975,7248921293
001043591574,8870311983
001104595497,9522465340
056097719139,5590189049
001015129054,3500361136
001006517152,3771020773
093176132147,0158202673
058188305497,1111944250
001067327005,1970921931
001153086537,7346908081
001004754550,0632956740
036099646567,6833439348
001154809171,3418361588
025107611742,7335698982
001033053751,6509368924
086175709481,2837324483
040018990586,0839859529
031091432058,6873292633
001166531187,6665368054
036064381200,8666712639
001007758994,5816920355
024002098756,3884433803
001121060890,8457670174
054122971430,7228960615
001193134867,3399282435
022181423924,2103834995
001171685658,8181477303
033086768217,9131179279
001179284778,8543702601
001104147081,0296785433
001076429463,2691576147
001072835279,7730540688
001102039459,2114757237
001091312979,3568666925
038175131366,3673654840
001074669059,8512382808
019090904050,7164136528
001083736217,9712629635
051000771601,4465365064
070016813163,9981249597
052082550902,6195169346
082006270784,0492981194
001109082883,9891684342
001068320713,4739044532
001187658088,2816228047
010136526201,4062047620
044156054243,1020179655
001087930369,2535359283
001013401171,5652954450
030037513011,7936760586
001107490614,4441032301
001119954037,3947077974
092004476026,0702106066
079005968773,7064605970
052072576339,1719245309
001060142514,4823066213
044185615313,9118019436
001110192616,6854201979
001112350303,5001969435
001002115097,2997268430
001007909832,1336756606
001108800628,9426238075
001025134904,8486401840
001084856035,9842547127
001112527324,9012134777
001002690658,0177658567
026092633007,3778778447
001004432246,2125101052
048008868503,1447696115
001006159090,8396647418
033122894579,8134209087
001129747162,3544447484
001007972406,8401855405
001064411430,3729980120
060046077851,4090583274
001176382783,4081153732
001016104353,7376458066
001005315568,4393984344
001005902466,6882369824
001106308381,9070039956
001017367192,8283063639
093012861099,2939245565
001051678854,3628675796
001019152144,8163921452
001019229437,6980121287
001180841198,0507128725
001005793809,5001381999
001089823255,2626427489
010042621254,9036590316
001004818905,1552826431
001116314079,7945707640
001092886753,9383549791
064003914152,0934098571
001105957590,1442112434
045197942121,9798225230
001124966560,1867538722
020019951444,7047611576
001115391845,6407881624
001059574675,4761847993
001098701228,8253890669
051142601527,7000158211
001118811427,9089123417
001100672094,3685312673
001086192475,1928841575
001153368165,4984591582
001172865463,7536228568
001185219982,7304249328
089016712093,9935593564
068102956162,1471567533
001112968722,4661787847
001013810367,8894345490
001005121600,8081801167
054093897978,7817574860
030006818229,2100905899
001069406404,7730953874
020010202579,5570906704
075116980701,9044919089
034078184963,4508825468
062008554637,5975559533
001071403674,3147342220
001005523202,9298821987
001142056742,7526735133
094181262779,2172099110
001186964030,4114878728
095054219323,4111447339
034069407051,1066088052
001008385180,2127801087
082004097860,0844343000
001111693698,0400327669
001005567692,1853129825
001142793266,1250557817
001135136176,5989579536
001008405379,8720926510
001135434292,0592403724
048004587388,3635240750
001189616502,5072068822
001171056746,9444757259
001110021488,7167527569
001100280961,5930546297
019079132301,2467192069
079105122077,2441687060
001005111660,9822183232
001118367951,9753832419
001106606148,1435464587
001096286543,6012354741
001103616269,8724401963
001152676943,6481921230
001087679346,9079345007
001080029764,4164213323
026008059411,2709797591
001170795926,8302320191
001003553196,3024339486
001008356542,9258360875
010189781684,6185141715
001092705991,4715435870
060103088655,4983540418
001004757640,8268536209
001092190560,0272078010
001015658065,2067207079
001038167144,6182534732
001202698534,5310021871
001006158631,4957079284
001089805937,2247840707
017266735731,2247088186
001023292793,4315141140
001042303198,3417023411
049015374561,5303942404
001100681116,6421024647
001104004250,9336789707
001102907520,4643545690
001106462279,1132297409
033003130299,2384295690
001183381342,5078160446
046115243313,3944073054
001180057619,6124200669
094015007027,7857247590
001175440099,4971895222
045061443828,5559973413
001171093937,5638962669
049088089758,9699444590
001107866072,2782921027
001094459602,4081966804
001085908310,1924927318
036167047034,9428343129
054195675243,7617013875
001173741239,6865246699
001193211030,0266890342
049179836445,9036442766
001088008008,2479404229
030077449944,6416716493
001109279477,9348037065
001106752243,8403620023
001173693439,1579612348
001131332494,3400542715
001024950632,8409765055
030074463522,0284131154
001005275590,5055266511
001014521015,4541053949
008014166214,9140610633
001075012498,9374385041
001121807558,3737536039
062007426771,2586914380
001149126231,6218222149
045096848693,1296019328
001081709947,3329061808
001156849882,2336572837
001069912606,6953312902
091178738159,3603801593
001171981838,2121754033
026185392821,0692643345
068106592882,2894951573
006009651959,3668873129
001098872104,8306349651
001177667625,9088545225
034007945113,2712406527
001100712704,5138232322
001181085955,8252856761
060017213464,4656006960
001148807341,2461281552
001210613773,9266262626
001296984944,6320161539
072102485341,9672463343
001014798014,6853966328
027093631340,8625594071
001056826716,7400788450
001115501276,8945184843
001105068167,6834831262
001016499775,8770819569
001073967201,6431497320
001065081064,4815972717
001100262042,4358751425
001196748865,8350078789
058114197507,2622131705
045176965430,3405467220
079070047236,5670859852
001111368430,1695853854
040104389871,5877029926
045096531780,6036019336
001110381325,0728215841
001192043275,9214317680
001104067557,3870343790
001179142070,1341722557
027190275933,3056477072
001111593384,5743941164
051003052188,4381766755
066164478804,9300850772
049017566822,0407819144
001013414863,6563955027
001010376554,5784128486
001108226194,0663719830
001107656641,2327181846
001175022943,4863367853
094104138238,6971454025
072187998851,1843064358
001004969089,0853298142
001103086836,2502402059
001179785672,6032231378
070097263052,3159916230
001076218065,0067235272
080114388333,5764122146
060169327910,0981496958
001006688061,2095013359
001091745871,3606089759
001120463360,5731485188
001023029889,8192585279
045105353507,6313351490
002115216435,1875253057
001178484368,0102457521
075114445762,5323380642
001015363156,2307998412
064067230897,3840758291
001047737182,1868453591
001183817650,5019305511
001157831181,5538304482
001001977616,0291319071
006079790923,3501609346
001006664879,3597504291
001023200865,3077121676
001105854272,3359067816
036008576334,9202375129
091103690797,9053460193
001102675515,7995756853
019013479488,6019801317
001011105758,2334941521
001109680363,6515626882
001004092316,1961871449
001074348073,4501614111
037105994032,8958702750
074196075396,3142201183
046005680874,9703294644
010106448502,3284975457
033023893686,4357742047
070168681758,7915194638
051195795143,8722863674
001181099202,5037321544
001146089504,0330530700
046105051699,4937963317
060093681606,7728000013
001188343452,0416650716
001118358113,1890917716
054004143744,3659121370
001186412374,0956473102
052011212278,9115335789
001111937192,6211062327
001115128545,5231193224
001185132584,6547086314
036000023412,3290202113
014086942609,7497862871
012019456037,6015805805
001012380479,1804427117
026081655049,1371702298
002114953253,0614339749
001041722556,5612712933
017116257330,5683075385
060117023061,1324962833
001148677418,9112302547
001080166197,5602202538
020003490881,7106015153
027167950439,9321891296
044107138394,8530780733
017091939103,4486530088
093003894257,1387238524
001201810840,3552183030
004093642278,8899370770
001281845165,9395245078
001116560578,7997864745
037075313304,2708151267
001093163327,7331872806
001018020972,7479242761
004155526337,5920653061
087108936304,6428750015
030002726819,1964171291
025000507264,7108469745
001106373280,4752078515
001005541747,7236857539
001096130511,3416427005
001024833826,6418113964
001043260936,7724915007
001005033836,4093621691
056006267552,8060303646
001067740759,6243613371
001185667476,3334236760
001065134847,0418306046
001076277793,3013108174
001003831268,1940457558
001002740614,5183357286
001077527570,4365330997
001004882729,4816430669
001005954093,2145237073
001092646540,4605902234
056102047147,2465652230
038045060138,1850815549
077015489286,8195522109
001115499700,3220696345
015003065519,8437046077
049187238122,7628939258
001015008685,7573288094
094069332123,7082536545
054071388242,2080609262
001132873389,8852568266
001118265700,4484771316
001014938142,9073855403
051085767352,2706548687
074137219286,7312601908
001056438185,5911900415
001092901134,9833252347
089104742435,9621505579
093075408024,6274165435
001144736390,1212381128
011167600547,2197873649
001023612292,8800275064
001106577734,8491316551
033122304571,3823036067
001099493437,2757726507
042006079286,7621583525
001002362691,1968212752
052090766306,8639205640
019173401966,2695558068
001009867116,0374953394
001094310803,4830217906
087274101351,6302026355
001111310923,6244062460
001173749128,2868378040
089132784489,8593891718
001110623210,8666115107
001066697794,2415184591
001152875284,7106256212
001013706930,9097707167
051123836407,6443780699
001192708094,6098670228
001124921858,1604533182
027076492061,3749916289
001123357740,3719156985
070108319739,4872140721
077053482130,4807960016
001074871988,9490910309
001103127521,0743742235
001069893994,9865706577
001289328673,8004716014
001105226616,6151313037
001069470372,8985218836
001083312390,4133510133
012005938932,7584263515
001153601853,1731470492
001085009694,9440602153
067024929505,0643351289
001037907291,7326831323
001106110270,9300781921
001098622914,8491199125
001180700331,7139241176
042117388862,1545638393
045067203468,7618695932
001015409575,2088780565
001074468138,1725502523
042097602475,9072416752
072090578321,9575582050
001177501762,4143277990
056041066097,7735995485
040124371406,2628023761
001106332268,6219413362
001015487633,1283963019
017114024159,8663221696
001108544307,2985058910
001123733225,2324484369
006177138855,3709916805
001198465655,5550506295
015057753777,2338584372
001291087502,2087021188
001266656358,1654758404
001051573979,3466613513
001122409523,6136551881
002071025387,0128057217
001059517415,3454818254
087173852540,1276236514
001196663983,9949626642
093115192984,2738523604
091093699648,9998570637
094098676604,6941278823
001067152351,3800089944
001106333045,9855021505
001109599127,8275224801
001076554110,5036637405
001196477779,3270703399
001044448279,4032151648
001076403007,5786881246
034004164853,1302385856
072021092166,6723836378
001105277442,9195323569
001194278530,0660536081
077124429045,7891688179
036173331714,4262751997
054018214452,9340217681
001004249843,1963755836
001110226004,6729306638
075171542472,9727081679
001097637132,3126285982
001110871677,3827248394
001093574052,7692557386
001000642590,2960462407
001090875332,2452053846
077001180119,5221597283
060000676333,1875007401
008066526503,7131190008
001066136781,5074123135
001105470031,0176801893
001180093478,4414287602
008004105693,7202684068
001187924429,1711731227
037002070503,0197014735
070199466199,4288720713
052016436358,1807949056
001015689444,5495357597
034118937305,7276531659
082086282357,9206149073
014013203688,9139907438
001020271830,3184014901
006094045497,1473196584
056041198676,0049550414
060004042070,4676276565
045162174859,2840857725
066010882775,7386469663
001178304743,1508675684
001110740740,2069535019
001089840104,6644601995
001019676894,8457932573
067190297266,3415013601
001107314165,0521188489
001004121816,8757722398
001083174939,7150782639
089075350507,4594080422
079093237601,8176062636
001184014027,6801323489
001006829259,7950342950
001079504465,3938360563
034069591002,5494075213
001184973905,9464487097
001011046043,6010562541
067121788597,5750449141
001198079681,7790203981
001070259278,6218322667
034007742948,6722474928
056088164370,0376069098
001178480616,2361424342
001066618493,6188784624
001114236866,3693863818
011007997370,6707919941
001016773624,6002749880
086170097850,9356655877
001068451849,9902279266
001197150859,7781309328
001105657327,8747960413
067009516135,1885105166
001077879815,1638806000
001136808559,2642964578
095042178300,9333999169
096106628097,7915089569
001099171779,8987033542
001004886564,4880207394
001290852001,0148093980
001086799865,8889920178
001109725368,8595456333
058106403506,9833062723
022025428032,6498630963
001001691294,9785838190
001119883772,0052371149
001004901873,8786175195
001089177141,4811433741
001185250623,1107152687
001005988515,0507050854
001106556968,4194015923
001099591522,7614367962
001179918112,0244155409
001187482231,4934243052
001082637521,4516588949
001104454542,2867306660
001073669650,6228337979
031213957104,2981403568
001171053747,4471788309
092293860860,8441986622
001106824839,7327514765
001046507142,5988948558
093198016251,9320439662
096003530192,8297545562
080024588201,8650512164
001013274494,6191550487
001069894807,4797599784
046036437863,3191205639
001073579148,5313930891
001179906653,5853967773
001097968550,5828218272
045102535913,2276592287
001193691279,4567457780
052117531034,3106073503
001068644721,6266627771
014183077369,7159226294
001005124423,3680515127
001182002927,5325228803
001008975673,4927078153
094113792710,1503475509
001098900967,5683915218
001004479604,4728471629
072195407607,1817668470
010105328122,7636588504
001168172130,7370454255
001022779117,7880315174
001199644771,3193159493
001055808780,0550677802
001124810419,0807704519
001119540332,3493832643
070135391086,4237021438
001186533489,7612389332
001082408819,3780297263
034018193495,6589088949
001096111491,2367839292
040124476406,9783825084
001082149185,2460478101
001003311995,9090315781
001105173498,7897092244
037192144850,0307931487
001187346714,1347472114
079055929634,9046026090
001005991440,2723777620
066192109890,1704395134
001004960077,3794954054
001003866657,9551514567
091078372287,0171909002
001183306300,1452978413
001065713224,3807980161
020084439983,5728873165
001113608421,4222704968
010143711466,9740708668
001170118094,0951930219
001002375922,6101418675
001087558783,0793880280
001115183011,3912068298
001081980080,4929973988
001104967263,2213657328
001184374539,7412984058
034008843765,5205303214
001105009132,7566864784
006186568012,1638344267
052002927294,5887665601
001080457492,0908293543
042175517921,4825905323
066004998479,1761134552
001010223413,3282327338
083172336829,0073433916
001278856891,1568843782
001019454419,9364087577
001116129860,6626477950
034000659016,4501740441
001118577695,9626720588
001111938382,1156245355
001006471023,6961167308
034187851655,4648115922
001006143471,3322459337
001188814889,4852556404
001007348099,2745499487
001051113545,8478194076
030018846237,3834104035
001087644137,1538887346
062082005785,7265433201
001094647512,3822710201
058188625093,4307402946
001005921799,7864227720
067084598095,2977478984
001082400484,3066843583
001185034118,9028616011
040000949959,2148990830
002083761378,6728230538
052098991307,3023426348
082007928790,1095377041
095178608023,7997388407
001003718895,9429361590
001072773820,0885410721
001113949207,2279502799
001007260305,2352840236
001150174822,3019800702
025066193704,6376280018
001104335918,6055677491
042020044790,4595793966
001193729810,7082899476
068117400625,1899006969
062172268904,3292515018
001032595269,4646599394
042086135435,6072441117
042009565246,6108910380
074153824719,6700740035
001097353214,5483466644
001283429413,9990912985
060010596493,6244559869
001062201063,0239187793
001104405646,6354463928
001071495515,6894526987
001092297188,0120324505
001077102406,1498106260
001189440406,5006088629
001115877288,3219217327
001106532130,9753117527
001104329673,8173812713
001110226784,1632538256
001107600317,7672872709
008082918608,1962674473
040103150672,4124619323
001087979626,2911431434
001040269821,6889441970
001114394427,2927876101
001103462763,4421507876
001080080884,0896031157
001144479026,8896545794
001112287332,5792975514
001111173069,1944366811
083068631512,5214430569
001102887925,0130255595
001091818233,4140215611
001134388511,2286587637
048006562057,6479534685
001266469076,7372982202
001122226040,5468385793
001186163309,2640676099
070103538285,6109186868
001077386779,6376026947
019106069240,9154782520
001195900069,3308208124
001146352910,0978961562
001105218834,3710111735
001108645939,3471012866
067004767245,8001736860
001165269053,7358309191
001078490133,1151924456
070086469369,5100606789
001003312676,2688629737
010012543873,5116703079
001104239701,9414660328
094191875958,7879280719
001171110741,5360089713
001003487346,4290296637
089100695905,9373335786
001043863483,9205666410
001002625138,6128681865
001102617263,5367643430
001183675716,5237914755
095077658792,7626733000
064273720194,1294699012
001168731167,5771706204
096093669223,5367375461
001002414735,8204735577
086196896609,4327977778
062218782024,5706817116
001190527387,1393156772
001019409664,3444621788
001141085574,5766023564
001131287866,1499292382
001177196336,2232784732
010109092770,2404106094
001082608898,5152273262
001065787888,4358260761
001085335832,6658405506
001049687591,9326241640
001107322997,0507140343
060108945713,9098107007
001033395852,5347927216
010113039062,6935248163
001064396103,0278194238
001034752848,3113940463
031080761712,1018998978
020113233347,8850565938
001013011041,9230499397
011094252137,5339235359
001122329965,9721141494
001193741453,3413745473
034175816301,5273908012
001118321872,0761215725
001135236746,4937564022
001164848812,3139895261
054116652560,0525389086
001181545395,8906560098
001166774033,1885444823
048196092409,2467375428
024013818512,6628547353
070196832002,7181234814
001114331565,5388254244
001024803317,9753555486
001005646536,6287487404
001172237054,6784819634
001164520860,1113526676
044066893917,0648349542
001178329413,9030086870
001170228431,2053820191
027107188723,9437278734
001076836107,8899662625
001075937967,5922898843
036039146384,2723598825
001120346449,3693569508
001011637425,1526289781
011180417603,0852687423
001002094389,1462397640
015108942530,5596413698
001003567066,0383627517
030107029240,2647779946
001107323314,8724160360
001006305780,1335686631
066004429529,1742662299
072186073456,9757556432
001073103741,7798918353
001076052193,9203034947
024006012841,5757373798
001066586936,6760496469
001174707491,1395407479
001076866234,3114863312
001141531345,4363161732
001004534849,3548634930
052073681071,3176359063
001172686614,5496482102
001102972815,0597044936
001169964533,9967734990
001082704601,8238232764
048112231226,5526901505
004069940472,3227975349
001244325754,0556075074
066018004289,6129759036
001170388966,7170534154
001198692817,9056745317
001075299204,6165722430
001114881643,3897854514
001005808814,1193966534
001193272141,6221906403
096105831322,5270366489
001024346746,7939621538
001075247522,5038788643
037120079510,6253932355
001194906811,5518274954
044103706800,0221382195
084019997217,3767580327
001060300299,3660147704
001016082257,3406359462
001101548189,4312670520
001016053005,2534738471
001112367556,6624504095
001017129351,2348784921
001078122952,6101759401
025117304332,4801338843
001181779579,4832397610
001113196577,9659726551
068046624556,1776574247
001193491787,2373729707
001011705367,1382579664
001079970430,3345094443
001037577338,2208894925
001074425074,1176709518
001009005361,9755756464
001064124646,8593133106
001118764879,7308517771
001019639364,8219076757
066117230253,6586895658
001009256413,1381978500
094093213257,2185830381
034130081471,9417073101
001114340929,8262575492
001005895427,5615380452
001011996187,6012675495
030102448683,2300897379
044004962934,0802509720
020047666465,3945574317
001196824724,2818059941
001014280548,5799806594
001098694526,3172717917
001087682860,3459341498
001015949766,3855182421
024002505596,3298484846
010122088063,7795552910
001122794232,1157475054
001009860905,0065450089
001094504838,4263365669
001193642629,7666239450
001135013325,5703572277
001184266251,8875948280
046170376965,6637557771
001004566393,4694554148
001011875547,4990188129
001081398840,1243157621
001004946876,2509978160
034068169034,4930288831
001011719315,2279684558
052019784370,3468273141
001014894304,9317678241
001183412958,3960270328
001204567391,5936272357
001075457219,0798225413
022015309789,4203264330
001077998409,3689686775
001190203487,5604194562
001123374546,2255688970
045178278431,1400285545
001012998049,5747476903
052056463712,3068255180
001072826068,9135566028
001180118923,8797445624
060108021231,1235744123
011016432284,1281590408
070181596689,4315368375
001150333204,9000017677
068114324873,2541557421
001104108221,0811546528
079100746307,8469884405
001010266394,3741364375
001106194369,9602609822
001096748875,7803188371
001104934704,9524507256
001105619095,8583968882
024105506816,3567308960
042187855995,0968612011
012119729860,6343015015
001109981581,0340038391
001107919885,6252668499
001080001800,6778808122
001024865312,9828562619
026103616316,1057619042
012110928877,1152526237
001112499227,0607818159
062187980076,1691940306
052009049430,9602651253
001094944680,5976492582
067198031916,2167482589
030167409290,7335422962
001118296744,7425314221
001097481039,8198474624
001051369743,1536218940
001191686190,2837063381
037046090161,3034902250
001004791343,4757620880
001089686086,1716979028
066025037946,8674541708
004114236042,8066426159
001117695967,8789729555
001206606784,1322630187
001005791546,7001331616
001006648345,4214985068
095013692673,8213956256
001083867734,6971291635
074185631152,3795137399
080086775212,3804127968
001224795002,4858087798
042179245287,2926700304
001086746419,7974619177
001042698874,8074968624
068018556447,8884054028
046014234796,9016715453
052118425854,7398255153
036198352507,7141368229
001075988518,6196767467
001073090935,8167257184
027171450318,3038761825
001119996952,1924501312
001174295537,8651755801
004193885821,6665910736
001180319710,3413200109
077120843795,1732218108
042199278636,2013213775
014103794582,4794409126
001175217675,4674673263
001012314098,4272418426
001175770093,5958444822
082167779158,7862089001
025057665018,2874819546
001003899739,9204787152
001167653548,4593646989
091082290544,6689344328
072198518418,0301674908
001108911073,1261368119
001059210703,7543260174
001116986445,0874506178
002095197300,7932043874
019107445919,3240631524
092038388936,5295121925
004010955658,7380099399
014289629769,9912735107
001106084006,0818612311
001012149308,7015817761
001111551903,8104316476
001080391809,1726677465
001148644923,8097738350
001004780466,7839647845
001073510961,0505916879
001122691188,7472640301
001002607402,2835328891
001186764092,6282101630
001005831980,3561405326
001120591446,5340697766
024124964512,1145246613
026066048701,6558444471
027122947686,3578096121
001003581106,1010825639
074082704219,8003890393
001086358452,0867536031
001077217218,9673444944
001175783780,7173711372
042095881961,5049442333
054096640938,9591734467
022012872285,2504391343
001011327956,9443942431
077174749541,0233298928
014072534867,2625135729
001109727265,7604304136
001108929407,8411529070
001164220190,3898659840
001166928573,8282973178
001088036401,8340334730
001181640037,8865216985
001070940300,9042764178
064004042428,1282732203
001004072617,3030586134
001193531746,3804393493
006162069025,0075505193
001107837078,9438796249
001008087820,2083546501
001013123555,0753687146
001013281370,6701682666
001017574873,7402619457
006105188073,8332338298
001068595762,9958311730
001167133841,7505022380
072017613883,5460424411
001169040267,0292917472
001034340516,4717676849
083020536602,5995780363
077185857182,3506653533
068123007809,3807673262
001186336671,8329462690
025181585791,5048022005
001106720211,8487973111
001004647486,3489100636
079100682735,8873944653
001188973854,3439454529
001068080689,7050551742
001145074498,4329013112
001156919006,0519107042
082193900221,6151636501
001178649459,3820388938
077175919047,3333063179
042086262628,0305755872
001164501543,7730108779
001166815382,7947032209
001004222030,9740254616
001088319537,7560272227
001118533935,0658788699
089151053433,7122900216
001002785898,2462328498
001057268395,7665873423
089091750623,4137531137
008186350495,8893130613
054094664663,3867975642
001103093060,4499573419
001013074831,9575923340
001057102716,3628869742
074016865174,2783344910
001175261497,1712629272
001001732733,4400339216
001056548153,0563320490
001147051994,1237256266
001175077264,3452576122
001186216661,2623733676
001176439150,1083004976
080006403175,3848136486
087123392963,5056686760
001106011936,7577710690
001099541675,9405678939
001005922593,9897667520
084073893078,8602885506
031106951253,9865423872
067075824298,1278053751
072049960678,5979655627
001076176185,3328067258
001174939252,8601361700
011023999918,4672465749
001105021840,3808160119
001105768439,2125741927
001006449037,9935471666
092014491441,3267995823
001085657565,9971970728
001186778526,2490642497
044101296262,2901455823
001092679421,1881214827
082091454885,0441612147
001116712262,2823700610
052188596959,1785426319
001113914904,4558448530
001101149293,0430548936
001017243959,0712688657
001084845099,3333138790
001089861973,3312137767
001153074063,7331568394
001062878041,5451431900
001172322354,6117231859
001092241237,0610115585
001050314315,9153006888
001004395632,2576886577
001103945272,0487709678
001015294033,0583221411
001184601565,6573175561
001103948860,2083110338
001191355344,2648787780
001196825824,4681318541
010192443561,0977865257
001002391409,4635213230
001077681271,4694081199
036073778704,4531736350
001006683036,3155826946
001208680181,0448040072
068105816060,5640580324
001009613005,1329770871
010204750579,0348563861
001173371155,9050440203
001097594903,0747147626
001005230594,5986635704
001168298664,9128022815
001153097113,6226611759
066081819256,5898835794
068020063330,8698673028
015175702731,0436201458
040171248128,8278336772
089112857652,3348379864
001004557197,7667587055
001097975370,7696076381
014079572473,7865525768
001103121207,1932451596
001073398099,8178341880
001274020911,1145132214
001035881068,3842520036
001009499930,7532497123
037109687187,1679723007
004079846786,3813608171
001192001564,6568069034
001103504465,4048018342
042102880383,9528061444
002006362895,3985377994
001018307284,3588768750
001088353238,3683275574
001194911855,3034625567
001078625281,5782294316
001103828858,2834810910
001094498410,1322497415
001124370579,7857901169
072190819440,9126163816
001119373961,4898360088
092123414589,2904780274
001298084750,3073896869
001108385846,7009355782
001082377994,1963707375
008114967233,3319072413
033009014846,8770037072
001106399098,4225452806
006015271992,7518624630
072003296007,3036225748
001006912304,6490815648
001189573427,1110163413
001002883782,0527915733
001009060464,0749825503
001103393943,8490644732
001005734258,5813941865
037118633216,3725282995
001110566916,9536988848
001094086288,3209875918
064003791060,7424652181
001084406630,2401947603
001097247014,8997071356
001121291181,2343709165
001085096972,7955784838
001095243225,1003331353
001112352726,1402165669
001115652878,4748650290
001095961773,3678613182
001195521391,8915871804
096193061408,1552895268
001016826852,8935866318
070181217347,2583462383
083080839503,6688415319
001139857592,6889834905
001182963534,2766013443
095176862990,8958650570
001052666858,8267252265
001074670256,9182815654
049182116154,2460662926
094104642896,2864499172
001272761598,3829885048
066115300913,6703655300
001057065530,6518353316
001073573583,3623442069
001162137474,2293460291
001143586897,5179491425
079197789516,3119255096
001164820018,2245419228
087005212724,8343860078
001076390963,7887194334
001069056758,0492661501
087086227814,3395688719
020122115482,6692330384
001165087846,4888995951
025006043637,4072895978
001187219057,4202112157
001007998738,0937582489
001087077718,8503968046
067119748328,8837931080
052003615270,4962943615
001003409563,7233850332
001088529762,4711356451
001072926188,4234930820
093005077585,4766522609
067059147007,6899613224
001098459203,2614041150
001086921034,5883240397
025070521245,2660216351
001002190562,8343659773
001004097149,5748538534
001293821603,3751474491
060114103562,8161340673
001011796102,6760125941
075176855010,6813218702
001194196754,2731940064
001109621545,2992596320
001012196523,8293106737
001085159655,9718782857
033117217320,0448567090
025002566948,5385812705
058084764518,8422302304
083198844724,5670002660
001096556393,5848513042
020009580775,2063867427
001009703098,6010519881
001006454452,7287630747
001136076646,7828199403
001140223293,6110847987
001058519748,5155845604
087020149245,9453635085
066088850210,3737138332
001183599118,8292016941
001011710771,2112607339
064187033088,1427092819
030119011682,4589872466
001029662367,5818250858
025068519262,7042048738
001089809289,7087969674
031105076008,1050865628
001121266083,3148169678
001070610719,3682293322
001071539695,6719185377
036090362009,4913644620
001015816373,0559984288
001107168171,8061463283
001103144027,0034640126
001010189078,9185038324
001084751919,0710318573
002118174281,8919819995
001005901389,7566351006
001016690354,5351746143
001080609948,2447886548
096192416804,1325515300
019076295392,7060241128
001164205980,1022615656
001017116407,8535673249
001192150872,0448368439
001169304261,0764482424
087110183249,0436205548
001101460661,3996490623
001082640178,4829950650
070005751561,5062933635
001188606187,9178510885
001182702587,4353433377
001177248842,0414684056
001098360503,1062950166
001152880748,5747884120
001181900158,4038073541
001078100388,8727412567
001017049383,7058447500
001175339038,7390112367
001137110830,7873720358
001081049146,0756453968
019066263082,2529700079
001186637803,0446268922
001110080402,1956471764
027186043882,7342267719
001184309878,6939573075
001182540579,4683027693
025169034428,3397898191
001015519347,7783529615
033177898446,8874015381
001114255823,2544418138
001175510619,5450941710
001108931661,6909272322
001055525086,0419570954
094031912814,7700527992
001185141856,2049056927
027106296293,1493896946
001117236933,3509491626
001004315503,6796017147
001085271747,9566174145
010112790820,1001745598
040014143149,9149087105
072018217458,3784104092
001103989728,9699525372
001123843496,4441344692
093015237924,5192681953
014180532202,9325064048
001194584524,6368539604
001169476077,1476835269
001079870151,1012535182
001181525310,4097781188
001179916420,5083519087
001080128166,3616856124
022006333618,2422611485
001094553290,6962675027
001010211915,0064459146
001063742365,1766258351
037190146356,8234878254
001080077280,5208694480
001036135125,4123274765
014114761505,6129213249
001046659084,2209932665
001139929219,3269261868
070104734679,9622186015
001173205496,9259934809
008120177773,4196435904
001007950315,9233435003
001105787548,0044362314
001103364034,1031078549
001083566410,3973395897
001009365000,7188606094
084067636729,9926381944
001004887339,8078367787
080005557240,1325345267
001122610540,3244593225
026165123874,0599971672
001104302432,5101708489
020168018860,2208818819
001193712282,9084965137
046005703101,0657602342
060164081612,0360696229
001177217726,5719286683
001013550781,3772493775
025112673458,8404974009
058169384621,2539360593
010017267109,0187420154
064068502959,9378438863
001182525426,1851359445
012106540000,8606445679
001136601653,9309605766
077009476035,5894562212
095007701531,8155257739
001034964908,8575377139
070017144600,2921390152
046022736696,3054926800
001143546035,7921889637
012189089039,0013880836
075197527591,5986519761
046105738027,6084978615
008012624899,0416422809
017006576822,1225236053
001106858033,1733010536
001176682360,1676866308
001098539947,4364986567
004189203759,5030681627
017103056315,3819992455
001168041471,9484328992
014118644176,0032963859
001020794708,5156167575
001093407673,1377795420
001181454013,4480650310
001171209531,5661326588
001116347471,1398510137
001119420404,1234394348
001013113080,3632380355
001170159582,5044044732
001145973260,8976296757
001084773857,1166689649
001186892579,4726779874
001111725631,4152068928
037171667562,8871921920
001096267026,3359293648
001135649726,3598461593
001094795741,4556022459
004033782791,0085195089
001093676314,2532479202
019018942305,7593786427
027008770025,1711995464
037069109109,4246821378
001001163182,2050650455
083171836383,4252935769
038016085186,6800390865
092106685097,7922857291
049186966437,8107621322
024080505264,1427153896
010168502722,8579794318
006111936208,2471081821
001004375296,3145486688
001097716098,2280528115
006006643008,1860484374
001112684094,1405384140
042005232224,5921421894
001104484443,7569175174
001078229743,7689440055
092192740209,6793205772
001173122385,8034670467
001002237339,8491657838
001159656240,5308623185
001178583754,8543959196
093165202842,2161770166
022191822087,8943985504
001117380401,0159367007
001002718146,4137240364
001032732425,4331289455
001007741162,4991302792
001175221519,3038869941
001015057722,1771538717
010017584372,5749440878
017080986367,3706497063
001011185299,5869152826
094013100183,8863329191
060174411279,0004323325
070181359484,9567017823
001159469071,3334682167
001151201724,1833191130
017105017697,7866601993
001003575363,3156607211
001176062194,1066525058
010115795470,8331129835
001098962445,3943980152
079055751684,6620678532
082108229161,5094952327
001121438140,6563755883
040000747709,5230424412
001106735689,4631573491
079188761013,7493322050
022102105679,7908026721
001169661695,6651792973
001125854490,1484810690
015009068841,7910081954
002012229665,0573765547
001022981858,7820980324
001080826628,4059254187
001189673070,0065644870
033073899500,0984139062
001150384956,7779221888
091018415684,4179035945
001071332171,2002438135
001196801824,0266390567
001003806349,9949032000
001124992260,7446571508
001169682890,6604767881
001164466088,7733441715
001171867371,6664105210
049171664497,5849325961
079005080014,4276489690
001108390108,7376241344
001125539782,8325095856
001182128705,2360742200
056003931872,5612985352
011118274455,2448245324
001004226314,9050305926
025087529717,6973590575
027181198796,8051141230
001194212584,5890525779
001069494251,2574426265
092114294707,4293348801
079004684362,9715179087
093103524653,7426217715
001066193196,4941250732
066107772462,0536081980
048009813795,6274709559
001172999405,0381595236
048197760446,3762628908
001009721244,2021169183
011109309871,4482057823
074100719214,2233262902
001102020630,0153507325
026106040254,4785085945
001018594452,5230283282
091029829177,4467900297
034177457124,7267610945
048196525885,4875048721
001104419625,1782789410
001197987809,8928435164
001109045725,6461792358
001102210603,7322752312
020114749314,9497047086
001176742736,3495624992
001166274519,3849374787
070067974561,6952524713
008184518192,7260618707
001073725580,1273860921
001008261385,3304265647
001005509213,1212941450
027072597237,6138401726
001095548767,2033554778
001099158924,3404783268
082103518413,4894708524
054103734314,9941927810
001191419677,8940733847
001111855203,9837022544
001010079093,5095827965
001032327963,5050739840
001170865124,0799095341
001172015346,2428247304
001081270493,9037871316
094106241213,3234357741
036134350559,6703832090
011106198025,9400713534
074208149613,6167454256
068005785385,5742143461
001101800686,6423465793
001197405003,0190954563
001005429992,8132680616
080111679359,1679452563
001024096036,4034578480
001088273609,9431001222
010256356630,1060356415
001004180352,3453036430
001197037709,3532690987
001003399236,1851406280
008198074551,3981221508
001112339509,4695752449
001030507804,7918616005
014195003771,2640265077
001006103210,3787879614
001169490218,5819222089
001072462172,1867109022
001171716387,3082445237
001110432782,4326874206
001007327472,6500482864
001183021669,7732418158
068039015178,5666026120
001029623698,3460576806
092006170191,9799811465
001096352478,8023850062
001095760896,1139682632
042073866472,4464105824
001101858975,7780507849
008098006521,6233291873
074063545989,5286747976
001198448051,3598595230
001181997049,9183442487
091176719835,0918666721
068185307609,7194884384
001079590482,8468428971
001116629739,3563195176
001100451084,5164149226
060036142620,9110310051
022108443038,4243536942
001117110805,8028014944
017146874026,9880130366
001195899935,2511150054
001115048235,9146564662
001007062643,0210372503
091015988083,5537209477
001089230012,2993185559
001013937334,1617397191
024173978207,0308678907
087116507627,3662028520
001114011004,7163476497
020014051534,6489622201
001018493837,3800906710
001190508510,1085798895
001105796350,2032127345
001184891045,6702380439
001068451094,5467394302
017096461051,0557677436
001188481770,2527762148
083164038954,7815327608
058017529642,0788639160
001004722501,1544084784
068086741639,5961900290
077065087557,5932846162
001103247842,6421584930
001004529810,7269761207
001103698548,6722123486
062168393434,1953924001
001006677001,2070189506
001018375635,9383105744
001168790923,6636628039
001167026131,6047708020
001166326448,4453230839
037177821669,0999109328
010103507253,9867882327
001111957479,6228422748
001101254831,8497647520
022021686316,1052624740
006118241628,3959684753
001003654832,7544121192
001196745501,7877080065
001015958035,2879343787
001104730725,7625718076
001009194680,8806038493
075146287980,0799681378
087177891849,8968769100
094000995197,1207905226
001005991565,8696155121
001105291570,0291702052
001006214764,9556693193
060174941538,4721524550
082100560075,2471302831
038092848282,2874283508
001116985012,2501487944
001179192347,2632613567
001088824781,9141702886
001014867587,6221405907
096140324513,3554631389
034077022146,2258807224
002105539894,0043083765
015068865043,6562426620
001019734725,1976348085
080098504252,5653369979
001162461905,4703483048
001017067888,2193680183
001047822261,2902990128
001169288451,9342762546
086189766226,4678469598
001077535870,7938519333
066176461274,0378827264
052012440253,0340064937
025135789925,1173378650
089217048452,2203868134
001066872882,6682650662
066183393300,6932554318
001185416033,9002417407
001108824993,9459169552
001103840425,1630293059
042069006747,7205964844
001109469484,8957772752
001088800716,8168616909
001199235670,2568290971
001073558679,6855287466
001197225383,4431715009
001184592307,3219489817
011072664125,3408156223
004106009191,4505512492
079067362668,0155628760
001095622529,6768625121
019016459909,0545416013
001165075058,2027607280
001243332329,9290833255
001060151468,3459580485
001008238422,0547089475
001020995031,3744714212
077093777509,6460555648
001060827658,0962710612
001137761292,5517590151
017017342268,3772609762
001000865345,4238297788
001189280372,2458917052
001045306783,8616930471
084088499590,6975952326
072013197676,6667742309
001171330346,0626223938
096107071975,0549309262
001274230741,4651588180
001192978438,6460349738
001070080660,7786986764
001169695427,8290754578
052003048300,0051143413
040197039247,6491516241
026005077686,1207653985
001192215899,5335013019
080089438883,8379380188
001088039153,1320064766
051119572869,5249105255
001063368294,4856016293
001199808414,5489062330
001016164394,5036982395
001105145346,1071734469
017124522948,9862904874
001064825662,7860828695
001187369161,4051613838
001093482808,2998277925
001137658355,6476912299
001101313003,0743805781
001025684508,3301199614
051173413963,4968303003
066107210328,7849020098
040189379207,2498179638
001005768795,0138149320
001041648227,9705725916
019076837291,4284250999
026011173640,2945974915
001192728867,1996445432
064010342015,8599636126
001173926017,6718188825
001089517789,4305292015
084177242512,4254249891
010005385714,6603176282
052103385955,6833806205
083110638343,4373205994
001113396053,4482890674
001095388568,1706068037
093112728196,3681233035
082006370196,2724516493
020121789196,1192775576
001183662730,7775694188
089189787162,4975785236
001110887014,1052891534
001031500116,0926289248
087199853277,0070287682
001086818750,6785428875
001181261141,3200425894
001008284393,5172435895
001060182095,0840461925
093197889232,8241039438
001024684936,7385598393
001106343329,9121280965
001103739712,3090366768
086066497593,9185173417
001072550782,2049104197
079075451167,0074465309
001010041895,0032754622
001180221412,6120697484
025189819749,0591050195
006105241993,0575669097
001084618779,5709998234
054125112599,5740396175
077003467029,1122284298
001083290071,2427355177
044099781945,8703014472
001182416125,6202139342
001194024482,0761643440
001185548115,6276467067
001053107837,5081327851
001034127471,8955389818
001182748001,0125397328
001170643529,1261153431
001105001481,9309202960
001110612021,5505104259
025138685663,7419009098
001002735221,8624007720
012150055336,9512445573
040009496023,2654083954
001101734267,7348953113
048083571671,5579292122
011007532724,0636892374
001005762282,0995693909
094066057344,5197370598
027082955396,3724836270
024106557838,5529214439
064164689813,6124192023
001119795478,7012208492
062010732341,7629483248
001003546263,4244908215
001008137163,6919772954
066108827638,2128376745
001090194619,3526840116
075089105829,7465077382
074003932773,2737259859
011066283802,3260580134
044074272664,2169146559
026182429179,6331328931
045068515688,6462284192
091174645618,3009468788
001006086626,0718238033
001001864590,8639016986
001142539720,8354477546
001104802999,5353865401
096172855367,5004448106
008124047496,0626051355
001002641592,7593142325
031100554674,0346727367
033034971551,9370520834
001017044112,2519675917
001015728820,6884379975
001003362252,4534727358
080197644352,5445225525
001170410247,5371541856
001008436597,3403038850
001086254908,3432518918
001123565774,2291074969
001163619510,5353382202
089007919586,7334388899
001104924968,8791928476
091096236718,9063321120
001199232592,1341673576
001013427726,9942397354
048174921836,0680965053
064005710228,5228797339
070175157523,4141996733
089133701561,9278734315
001168690367,7207616025
001178429569,6269237109
008092734306,3125249052
083008829835,3446514452
049089270326,1024443244
001189442836,1014051561
015086661124,0977519979
001002489325,9326852748
001170618829,4582443494
001059464434,5149740147
001241599037,1527857542
001061343218,9964032902
001071331583,8565005109
001115301736,6207911502
001117901823,2369658663
001186588065,2857319286
001072925327,4642895546
001163447604,0804324864
001184844971,5197372190
001089641833,4032758758
001100527261,2047244376
001096609430,6518482545
054119214024,1844551767
068100857146,6143803995
060103378738,6330241718
001098439784,9551610492
017117968742,6517030955
001087053881,4007509247
082004855444,7860793992
030003701859,4334339709
001204532569,6650038987
079086738482,2634342679
074089481044,6241074354
001068603504,8926263632
001118725805,0897393551
001004598604,6651556107
045107771711,2143195740
001103056902,4315516811
054069576785,0788615806
001187835983,6917015704
001184027857,8662039516
001105202055,3838949775
001088216225,5797488630
001179084289,1551248432
093102671214,1062681632
001199355417,0304719014
042006042165,2836758427
001040055619,5563157855
001104055163,9146039136
001005361936,6435735679
001165163446,6066120712
044072806517,1412377031
001006406365,7882722303
001167392186,5878660661
030001548782,9218861490
001009637180,1161769388
001125763725,0242416590
001076675013,9035637389
001114371860,7686236998
054013823676,8033722896
001148622644,7853830512
001155905646,0052710252
001067063365,6012330058
096113014635,5260846612
001196223035,3189057348
001167436887,8374919099
001195101919,7898431007
001093289424,2273136227
024071287718,6108184423
001077202678,2805200783
001113160559,2794077759
001011728019,8836208549
001098737151,5424430519
006002172922,0682448731
015007422881,4701570950
045175619812,3368127002
045077036023,7907097122
001095405898,3374195993
001197681525,2295775375
001166343355,0549896868
001073093255,8456242267
089289995394,3776141103
001125315008,1782251292
001118251059,7992770022
026086495086,9072406496
001181547084,9101062722
001101411423,5194243137
001151480313,5243706844
008001594803,8633070271
001006348151,9301297029
033018820406,2837767533
001109239627,8468488954
001091313729,1202026176
019197802678,8304793928
019191821305,7156524526
001089749205,1495764728
038121997992,3135683672
001072269471,7597009087
001120251777,0945756840
001013554868,7441917702
001070312706,4645558068
049086476838,9711801859
001096651697,9309789788
001003107183,6625449037
001018462341,1488531567
001154427350,1209277522
060090013603,2977791087
001194390758,6483669179
001185547813,6369899285
001173306866,2331879765
001017482373,0380206350
001082517161,0367359376
001063257552,5843026257
001184878499,2227500592
060010175348,0015450486
001006474419,1960147526
025084498885,9139114512
001148227869,2227374135
011144779455,7884599225
052083446545,7263493454
049182725908,3412595346
001103451258,7595822162
034098244195,0968153880
038171805478,4951769895
027088583128,8672537134
052020143850,1209696533
001116011533,7091995549
001020256420,8341950037
001014815900,1215524600
001091467027,6054461509
001105036813,9768518033
001173597728,0352635781
075110452174,4324201795
001018940797,7249210353
033005545328,3926219136
001185210056,7643943040
027077706160,6039843267
015012409793,8009842741
002119818541,2958316414
083102545869,3070016550
001135403524,7307229287
001023281395,4380368420
052177444812,6141944576
001157366275,2608209932
026037570109,9321733037
006093427767,8111884334
001168665652,8703706413
001006390585,1221335156
001082721677,7070087995
001005990512,5723989905
001201748650,2521218045
075169357013,6624032860
014097500026,9398745873
001002097763,1548679664
001053947786,9503603087
072196507416,2467141544
001015582190,2765471478
001114852984,7461456122
001103125001,6062496586
010074631363,0886371911
066012462622,6912802947
001002253741,7691160675
001067659999,9682149058
001014062154,9114321512
068061024030,1249490074
025104607905,6447045423
001077873079,2392634050
082068865009,7574792069
001105627151,3452427639
001171829769,2269700305
010107303478,3289811087
001019702308,1579404180
001173978831,8515760120
040088909411,8957848152
001179718164,5868897996
001092286769,8829224437
001178091362,9318344271
001111158859,4465668574
001066086570,9516477507
001099739720,7175758011
089106009945,0608775692
001107627033,7314481319
001179834988,4081666309
001173272794,7775316237
001005199336,8177823913
001121983329,3967107460
072018848721,5830926470
084016683073,1521500729
001086164942,9222290540
048009042968,8424218837
074150120347,5654108879
001093882822,4218893982
001003337133,2976282457
012194894841,6185141129
082044623959,0526851971
001105279333,2516764350
001103125697,0103484018
067075151983,4841554584
031123343489,1618252268
001102556149,0962151980
001165969887,8379798823
002124202284,9762924077
001019684975,0684744953
001178279790,2495274383
001011610338,7738634710
001054444335,1192260036
001017933517,8222475799
001087721498,0242786144
094086802652,4581733729
001175128862,8946975136
077196276728,5765671743
046018086414,5577334370
001097275526,5260275179
070105162685,8272095761
030178202263,6793689015
093109689468,7545668830
001075024998,2373999195
001023684716,8853319377
001015396578,2860144588
034024034042,1995706295
044096105260,3606536948
044196415395,5910411406
001167416675,9369020736
082084960833,7040228383
034002043308,5501547489
001017237411,5999146070
084166850593,9234764354
001124321276,6042457252
001101145383,7433212179
010103402855,5067316539
001006909153,8538060743
001030359646,1786948208
036072212247,5431475985
001003954010,7842741024
001010593009,3190707261
001004183857,7873614717
036083175424,8128356350
001112084030,7443315226
001088413853,8859430958
027006778054,1176057561
001141659537,1904823696
092191018009,6655522665
001065563833,1268249007
001198797035,0545474110
089105036980,0301131892
001124731841,1286718876
074072062607,1692632444
001038421343,2993418375
001165243198,9700964415
001190280100,8927791160
001067946702,4659726512
031104620475,2792377583
077158598527,2417397472
080084838228,8004264222
001078246116,1611200083
001222216684,5163044219
001090539811,8311960303
001008267927,3922112429
001089929374,9300257303
066112218665,4532951784
001088596102,6073750766
001006628590,5924786495
001186302411,2226617221
010010661789,0346779784
001004523790,5049045721
067003490180,0160853389
051173846793,9408692613
001108267462,3946111540
093023124475,4750536072
010077179036,2060647605
001080112601,7753959226
017110723000,7361150178
064023478967,7872690076
001172253279,2373641703
001006739640,4744334330
072014000563,3697188180
001008038039,8928001631
001000668050,9453053722
001016362155,2117928762
001011183981,3185752474
001006941831,0072148825
001101866087,5301144315
001088820430,4078380761
066174238643,2315696944
001102742130,9098544622
001005155742,2934912388
089101913242,4219297729
001171514336,7128833886
001081798653,7146910019
074000750550,3451174328
001018173314,2130552992
001098977441,1882762097
014010772019,0970504340
001279211924,2816325609
077114067365,8935909506
001103354271,3690943220
072013773874,1457035467
094013706069,0395599809
001102856825,3121455191
001145651405,4728049811
001092847887,0823431104
022102565796,1686102202
011177457646,4649557321
001175996256,3632452876
001106532688,0293478880
001181066506,6722212537
093181792112,6048441220
015179944933,1328430795
034093432312,4612987809
001103645432,8019211250
052093967090,9187722483
001089243617,1847525680
001184031831,9564727319
068004109356,2274715773
001031652858,2574379162
010073644122,3979560753
001007833035,6678098386
038003988139,5455222205
066216175475,8228332347
001094421355,5149314282
025014390925,7202380662
001065502558,9410540162
001105209314,0694956717
096172697259,3931550868
008005960854,8325411979
031189181162,7116042480
002104484087,3048164222
001088863875,0109670735
001088021940,2357414029
091098511657,6390663451
086046145218,0309787929
001016832721,0753689559
077121293204,5212782095
083008496688,6952006504
001003022086,0721317224
077184331672,3788898819
084007920636,1711729393
001105065538,5901049248
001049498197,5495163007
001000942817,4108582805
001012846369,0164661740
015103605392,5889118218
001140983140,0905088971
001169629076,5904547555
001046243332,0649505847
001193411584,1461462949
001112368806,7097813170
001168020177,3413117307
001049342375,4379638401
001050372888,1813351715
001187026802,9586018712
001121688727,4204298214
075194685929,6362289934
001167531199,2025700910
042291217779,3904134725
001168518194,8665975844
001009783777,8786057093
086118148441,6147838095
001049000559,0259011345
001003658926,9516370293
001139781127,7600371510
001069642324,5356651943
001147557951,8901606488
002168043266,0799538790
030098830715,2498262339
019176708115,2349449203
001114394411,4153537922
001015888059,1001507237
001116618844,1956798681
015101333152,5037240715
095197592641,9102969026
001094261534,1579453509
001112441939,4809187735
001194881266,2247880336
001100432842,2551406648
001124696100,5063957842
019005247575,0925244126
095105193123,3374042369
070105748124,6838373919
001162855873,2291180881
068006633107,4695281435
087003163494,5702826661
001014112019,5602795292
034091067595,4596853524
030023538287,5161683299
049113450429,6607824070
004074612122,0443296716
064198710154,6965632974
046189691540,1319442203
001111500005,2996782600
083091467153,3638632698
001187958756,1926598603
051067101093,1480447113
066120768720,8062473389
001161724212,4878669179
006021183655,9963400813
002145118709,5904317968
001117981317,6684424666
080015427727,4170238882
001168129695,0597336868
051088785248,9138522355
001103473790,2262567322
001006054483,6406577400
030003136551,6439821079
001184246091,0744311156
001010236756,5984880474
001189086540,1321628774
001018775118,6203431517
001102872240,9915492995
001290389471,7339040878
054006450427,4060643872
001098211264,0026680738
001070740006,8526815287
001138616154,8881733116
001022899914,4981637459
087107970740,3267049783
031104377277,9194528143
001111521115,1697030591
001101734206,5551186267
077187308840,9557621578
001180899629,1152255140
001113188739,1839787204
001190901697,2448803262
001017467338,7458388794
067199269143,1458737046
001103809366,5921367974
001105852740,5774585120
025064426323,5309683723
001097756409,8441010627
058048357042,8649559786
001007173061,8271803906
038168583636,3758987641
027005699689,1189750145
095017977003,4505878743
038174635619,9414239462
034195288169,7035901076
010008511674,4812672369
001064620856,8125346148
001153122512,0258562734
001014473458,6958173068
001004355054,7077235098
001174512864,1291567304
001177493753,7452779072
001104018284,7314426317
001104646878,2261293836
025202836657,5331435730
048018816063,3451255347
001106377454,1392296314
001074606559,8812013377
001012167078,7194295218
001109667313,3922398373
027103452249,2980150179
040035503018,0889566870
001083176235,5233520506
001295322621,8565591881
002102166272,6225619661
056091942095,7034653858
001051581518,4738856866
093193185513,8170743311
001013328367,8860764609
001172078641,3575357232
001096683455,2074386857
001196228240,5138987051
001010926955,2148964547
034187499824,9186182571
022194053501,8885082427
001079523515,6454150059
092005243199,7031406313
001014559763,6641962866
001114222718,4500554857
001102283086,8539199120
001080396945,4639492756
001112510733,7259312990
001131168190,4558714523
020079447732,3600054825
092004740348,0603713972
001092667903,9329879737
001019738733,4144564087
001140912849,5952119686
001109406185,1310182977
020004858451,8715388705
001120926890,3940508918
048121184943,5882471598
001073309541,8513597682
001168265365,8608299682
020180280142,2526922531
001174836410,0634401806
001056915803,2319755888
010021617153,5181687222
062068977325,2265629011
001049694371,1707232841
001066990850,9300329253
001091191007,7765172974
001185376432,0251507864
001004522177,4860504907
001187461362,5290872353
001090736594,8521042499
001087267746,5918707387
001168878478,5238839981
001104092293,2711521109
001170523639,5094572733
001025129011,8759550744
001114571963,9670901413
001016917015,9618794807
040132643120,8772447414
048110405127,4316066558
001190617284,8141485851
001116113794,8878313618
001180984895,3920243385
001082383391,8370402774
082190751081,0073981626
001081931778,0806896296
006006870536,4370987700
048158199595,3832556530
001038397823,5636288816
001114641724,8067489067
001011673964,8871475498
066006868225,1137753887
001118581497,3947128896
002186772035,7641635570
038195930938,8761503352
001004960801,4300399628
001118892411,5958828287
001080758328,2223736641
001039579579,8954402949
001156419915,6184705703
001070545690,2708391602
001115552653,6486242566
025004756767,4906115892
024112448455,6870115867
008006477963,2352832930
001096313342,0519904894
001070500328,8692212882
001096700632,1167793794
094171202819,1879057667
001190215637,4772372153
044267150410,1659231838
001063673554,0658850365
001098011167,3522151216
001115241269,9179737143
001015318969,2501263525
026161445786,5121419617
001009356190,0960112277
001117474792,7465030672
001194086887,6040602875
001006935545,8453918135
067113302448,3558634707
030152960961,6962922866
092098371919,3194886797
083175308875,6645861036
001103675241,5067685509
001107202326,8751404164
001168892019,2468319918
038283322828,8760648338
001095665039,9833953661
001002894804,9903117556
044083241642,2230826643
012003541614,0783344065
086013471260,8348859276
095183677425,6686839220
006083332019,7169556707
001007452692,6944464398
001183381170,6531600649
004017554356,9198570315
001196505003,2049447121
096002067487,3501333815
066174259895,4750140562
001005879477,6963590370
001116781820,0003567392
077006244159,6045645793
024114764296,0414888793
001021343255,9950787830
044104259436,8050368426
001255236400,0828883120
080107538065,7981347906
011194398623,9336271228
020014480755,4105799263
014054529196,8926969210
046207403015,4125059558
001136478658,6970352201
056105472031,3098962121
037174919222,7338016442
001112609283,7658635680
056119157461,7307429662
026080549273,7586691745
054121174362,1523921216
038106771869,7651010958
083197138991,9957378611
089103876481,4878239419
087111756541,0315970626
086009532588,7088628459
014018087881,6141485052
001013194884,5495319822
051177599264,3623045722
001108058825,2989744341
001009795609,8404124422
031112843784,0154751467
001103191285,4366789599
001003802518,3278662137
001084699985,2730532169
001108332806,9565162751
036003083756,5109554121
082006863882,6408196028
083070169829,7487962269
001185011827,0905614876
079009835369,6457655193
095070819018,8222002273
001183761355,5506420140
001004859756,5709142392
001107196658,9873521032
089122654695,3160295057
074106058126,7848747708
056110362003,3388421981
001092161127,9732159766
001007541060,6842378443
030035455916,8001538681
072155515006,3691019898
072197716986,9532497601
080110901683,2582401399
075086807081,5101561189
001070221366,9110434520
001065750225,5637786196
001014053364,8248057417
001189684550,5689570908
001007316289,2917733324
042169413619,1283167382
001073049966,7414345716
001005146060,5117805589
014006110052,6231237593
083069236056,4296823775
001081034912,1177970207
001064085318,5972149720
001166640467,0386341698
001011030779,4445216987
080066364022,4846314291
001068076867,5484531511
031129510028,0673766115
056123346515,9010618532
045106325541,6562651320
001112348034,5407278493
095112991197,2794011294
001285813900,7958250690
001101208109,7210689108
086022017603,0350778829
001071121834,5348382275
025117163690,8698621059
001015032557,9701614263
001105700549,9284876319
091104832849,3561742314
045013374769,2285001725
001116619180,2458656127
072185533874,0950487831
001022742061,4562939089
001003433233,2826835141
064185790327,6798530096
092112846930,0043697028
001003625977,0664142817
001019545797,2098645341
001010705851,3911611927
001003224130,6895924819
048165237798,8591860897
001005927703,6508208645
001144414063,1464403657
001067040758,6086961929
084189209778,8699223279
040020082046,4791167456
001257933853,3696527272
001105683482,8333385625
077172884716,9013603845
052169476218,5307913362
087087813884,9355804458
025065726359,0211206512
001102386191,2731511364
077080979284,2447738480
027182443838,4937593275
001072495774,7449369139
001082838184,6019483035
001079519229,3501478463
092005260647,8189037092
001086141135,0094474002
019037125521,7097077778
037114208930,3519086885
046176293494,0748402374
072003111996,4610141368
001035744715,8939883598
001143066465,0820370423
027095788424,8400779798
001185708375,3165555219
052076431064,8168273080
001003171080,9664707833
042002456214,8756761940
001001137861,3600377712
060186369104,9957609556
001112386988,3609329603
001038583658,5074254793
060068917080,5087086295
001004405891,6599083505
052070628583,0329122625
082012969840,5482004094
001109399743,0475692042
022076424176,7952142474
001004595686,3000036752
001107569509,7841454462
083102545856,6269964544
001086281697,0857391994
001086734151,7105600877
001018402834,3670528965
001090988099,9514262741
056059757552,4994133845
001108124135,2854072227
001005916386,5554031709
001224333599,3253688849
025197894774,2635054216
001097494097,3418033333
001185635888,5285679694
048072879966,4669629111
036001064836,7862495531
001017221474,5806235119
015019852127,1921063668
001182077099,8746248377
001010995720,4236699935
042184992532,0839267853
001078584760,4760330334
001121457960,5897756870
014141142787,6566444123
042089125112,1788148322
001175984361,9445597123
092103640152,5221981195
077071005583,2478531228
001092238425,5547444241
052014216207,5766186107
001086026944,5447526922
001118720902,7236988388
001198215136,9010455901
001083712745,8167791922
001070707723,4053656055
095196207901,8529285093
017012142197,9954376379
001007692610,4616131509
001140856356,8884481765
068112649230,1261913782
001091429622,1877493136
001079667059,4554531604
001168011192,4212602881
001014580540,0982606522
077110282360,6339928428
001017026461,4330025043
089184170243,7678619952
001104271531,6009816193
001194539879,4935025726
064115682404,7765051645
094174691877,2024748254
001002935289,2260384687
001010815499,7358665927
067016902002,4681285787
001173381964,7808277267
095033926861,3301583752
092091567480,2215026263
072107451881,9567229752
089177441239,2935763867
001089698354,9499486250
067065334970,5375342195
042195165946,0678250738
001192321117,0206379754
001103540078,5876848751
001057326511,8390001249
054104542301,2104571114
033024010022,4378744379
070181325799,5437155669
004007812337,6291174994
027078951534,8290182301
001090401479,7009155150
001176695323,5772732746
074066392254,8029726457
001022023465,1566837583
001171637258,8115610144
001006150176,3242178955
001014733426,5661392029
001092248931,3705231826
014080623517,2893750230
033115469452,1465164955
066109776154,5224571662
089003177278,3886100644
001113323219,8186781408
040198357687,7427996471
001116188785,6418871591
001150153011,2110804684
014198581289,2652513662
019187901946,7976903374
034184088770,6029116105
001097492080,7006455542
006083274206,9349538778
008133026457,0100017210
015077718474,0379825333
001183708820,9356043529
001206046380,5427313650
001078596893,7637260238
010168488426,1318502012
012104315488,4098586964
001078571176,3428896209
001008967132,4471772458
001122869952,2698823973
060020731849,2261965684
014098432494,9626463962
001169025812,9407669423
001105880648,4259628566
068105597845,5749673516
001072676109,5738498150
001106954970,5265707468
083007728258,4097553290
001199520122,3166086912
001007340450,7808856212
001185893722,9940150637
093104017462,4387651639
014069807649,0889620738
001276585503,5558960706
001104741068,8067975631
001009708161,7833485004
001089986687,6089610715
001137231425,2394485508
001176550266,0270772215
001008880117,7364717912
093091717769,0097993279
044183969092,1779355745
001152484593,8240034658
054011834850,6915575266
025007371139,1241205281
001132905906,7372098528
052021480253,3459872478
001021180166,1119853376
001009247620,9911483759
079093333298,2201251006
004005924511,1976666592
052070000530,5712865983
024112966299,0452873985
001097470588,0889543518
001010359977,4279537258
001298019950,6384738119
001106777081,7672374932
036105341771,3466892640
068089953725,4648325195
095011340378,8821840964
001004273803,0762847720
001014590159,3302111057
001111332413,3471729514
001068424610,7839191008
001008017054,0146545035
001017475171,1227984606
001047642365,3314486212
077201810527,1098842866
001003423445,7928782272
036180588277,4357228017
001196113310,0694502335
001066538263,6092958962
001190877447,7675255652
001083193752,4664236586
001165816663,8554586374
001077058695,0885121191
048003990723,8417049539
083080635345,4991351835
001058373862,6280682017
001175786258,3717441056
001179759760,0638386865
001000815301,4344415642
015066963481,0844880391
001109056646,2598839826
001169279248,4052017052
066020983378,0445444038
001003495674,6621516508
001018450789,5208673349
064066911224,1542139988
070116952507,4800115536
054015144710,5657677180
001118792168,2020128973
044064622541,2693137979
001074749873,1301272389
049042833670,4418623719
046181585210,1956308369
001018589552,8271290035
001193371455,9680568405
001198941832,9286160614
001068267657,2886496215
001083952755,4509728186
001004771474,1518590582
001104893013,1746170037
033004653429,0919345492
008120932095,6636135683
001062767418,1875797659
001014013056,5427191131
030190569172,1565184580
068115619979,4704165159
001068944313,5018952978
096111261943,6836802008
001084097018,8794106066
001066095326,7224184359
001094462779,3575918049
001006474504,8500909659
008017867397,0162655808
001069821044,9287472690
022110201222,9031786417
079167434524,2882196197
022185794424,7980334139
001199412338,8443858362
006043883090,7630919219
034177863998,9555209609
001191387572,5524087896
001117117894,4257674669
001110601926,4525893056
040005918491,2810920466
001116695040,3309262580
052005204643,3004182897
001170013690,6521179195
096080858143,6699960550
001115671693,6146301814
001017470248,4613490243
001093350789,4648181645
001194477055,1435609113
020006263035,4606465368
001013749676,4922570367
079002646170,7757350511
036104761340,1485135692
079178386992,4813863840
001015048085,3901875744
019072068310,4220598600
001008350542,8181568325
001115516646,0971348405
096016474728,4709261558
001023590200,1665408765
001013834055,7985628034
001192221849,5408799554
001024979521,1589433138
001015456827,4789086377
001082374563,3296592953
001197088401,2644714968
001007875464,5523919489
001052053027,3833633212
001198242303,2069546994
001072691834,8726266726
001080211509,8608394916
001003916169,2396953462
033040734907,7418007509
001094189693,9572882868
070010226548,8988837674
001185633707,0450404241
089004491415,6069698957
070166196484,4728393742
001072073308,9461137047
001197730021,1580166644
002006748875,0055695130
001118609672,4608845063
001070494062,5310234512
001104935950,3981066910
033008981920,7484939956
006186777687,8321596849
031018668795,3235077649
089110365475,4115686975
002076953985,2320949595
001105434464,9868250273
074191858647,9162154429
001172638096,6032301846
004091505046,1008918970
070077258860,2804866739
038086147074,7247023762
019103181799,6846963243
001105239350,1093010837
001166189964,1496542102
001109616178,9891676704
001106767938,1377037246
001054498166,7572902398
079088737331,5737286297
001086873766,8420356480
074093211178,3811698821
001050139990,1994055797
094003841426,8280120260
052070412411,5119524672
064024918655,9427203001
001101152556,9497351915
001014887625,9363005657
036017056973,5979652074
001102702901,9493077107
001020127067,8832140461
001116597527,5180625416
001229183525,8777102023
001105784944,4072889187
001017324404,4503354183
034194672970,9441204009
072018636576,3942588992
095031954916,8949368237
001105444510,7517351747
001021766220,0837265832
036090753800,0876441263
026172825810,7310348290
037099693738,4903102967
025165083364,6743939809
074076050160,6646056716
001005568159,6345665044
010017697083,2445144257
056098234662,1940256427
001023943526,0950879483
001164695793,5598820714
079007259441,5545113394
001065521469,4661923603
008124543441,3040491736
001124801758,3500932214
001196035279,5463114771
001150650558,6680842354
001181980856,3464470080
001083311046,1211744372
095005969955,9037649164
001174704570,2331947470
092072650899,7077960385
001077773752,2158365394
095118635143,7211640198
001019848052,5643280567
001108366281,6947078108
024019449016,2331719518
001109409810,0340114665
001020454523,3574985553
001058639354,2870614132
001071188031,6899729508
001065275030,6277003970
001067915279,8113829266
001009122328,5649545264
094175584868,9761309236
056040225355,3530147438
093011748123,3513894596
048006777328,8462013115
001107290995,6942183218
001081609254,7027936613
017012773175,2515621210
001013744966,0038764450
001100013945,9329478400
024010636415,7872216468
001109756933,7657032481
001095420207,5474538553
091114031370,5439533128
038103348626,8219299014
074011266306,3624698432
001080834111,9957691147
001098003944,0799078745
001175112333,2377025724
011194103187,1740423233
001116934530,6147381562
017087427163,2431546011
001172253881,2556090182
001072498403,5495787027
001171395131,9823177921
001157285991,8053131228
072102684582,5664427720
031013098247,4141191617
008105739342,4899596889
087204611381,3741597525
079079040446,1302554617
001191430887,0877658549
062004446350,6743488807
001166302981,0028390998
001067279675,6878933628
001124413620,0800547793
001077915974,8380278109
001104357666,9434132236
001075581112,4854786591
001004593818,6622356982
011072201852,2871974592
001183993765,5188860230
001090791718,4718893464
001131628423,8815002044
025187172955,1710262115
067118632125,3159574063
001015333278,5593130991
001103404809,7486682861
001082416779,6958246837
001115098722,7886160808
001016539381,0946450639
001005102004,4352421142
006007607078,7970301523
062081493200,3220460723
001157800454,6152243676
040042472089,9756374580
049185538880,9898055034
001167754877,7988543178
040118067044,4436278113
001115336817,0263023456
001105171486,3291912038
001111136227,1895342293
024166231745,0363763609
001186730758,9555529304
046108355234,2552523309
001014707271,2144462318
001017453003,2904243851
001018308197,1859112301
056118660905,3750100827
001182579541,4963055816
001016729790,2152500151
001106521797,2506196972
075104005249,2382208346
022051709273,0013962359
030102742451,9878006869
001033275221,6824160610
064106684671,1892405457
011115877698,7342739218
001019369604,5389863872
002005219236,7023863610
080116094975,9848015711
001005553327,4663119497
001035188804,6065509205
001017829187,7549635989
001009256456,8248486476
044087935227,6656630880
001173254988,8053293879
096017288448,2431496708
031183087646,8288704174
034172462583,8054340259
001100423533,3222134990
056133692349,7139316647
001008469422,2327543496
001100678130,3659815988
019117082744,7935472321
001070140086,9391092120
075096574358,0944358505
001166069753,9328659959
001102374627,4683528164
001118549592,5776867686
001105229462,0706444555
001080225903,6050112194
001009408771,3943839034
077161488918,0654445226
001195851044,6600107046
001157622187,7475925228
094169090048,7811439454
096038552347,9713871338
048036183338,4299655557
001207388315,7910323763
001007915060,6474634625
001109358160,1276054899
033006218068,6775432839
034003786822,7935855192
001144181994,6528657216
001165376418,3402910995
092104973341,8161555907
001085709206,1799644675
001092375975,1533553596
037104059060,2920696048
082061056859,5999795760
001018985193,7779060727
020015143910,2700317219
087003407767,1078438015
092103080729,3601846798
001077621112,6029252192
001024832734,9855877695
091022488524,7406867067
033181854979,5810064927
001001102174,7435210011
048112929439,6202065668
020074361803,9427000320
051086726404,2648477884
001093420460,8049598836
001108015798,4287222171
001093789088,7771321991
079194436811,5103243107
001065934769,0040272258
001105621073,8215640748
001103190247,7944811952
064012528274,2461474496
001112209347,4058573108
066004086042,8156715283
058105491252,9347972362
001068732143,2724565808
001114847388,3482854610
001118760597,8067488606
001173115151,9260997801
001178974157,3987387566
001071745394,0693783404
052096797173,3613615423
086097386539,5273911434
001178268676,0773231304
001025914749,7963459120
001109639743,9036270794
001179885480,1975310350
001058445758,7648443179
001146381106,2698976373
001101517336,2564194769
001067336964,3933667110
001031572071,9357571969
056042260236,0296397599
001194871133,4755339040
095104527392,7640742534
082148379785,2268852931
001099997982,8957909839
024107385872,3244258026
070005196846,8203469560
001015714800,6171715813
056112787844,7285963091
015115641627,7474035970
001024165627,6639505594
001186775361,0831531096
026122902979,5601464070
083013597437,9215461969
004065737897,0919368437
001175693084,5567437650
001203092442,7365810543
001180833262,3852476358
001107077401,4357566202
062063152529,4534545445
001030239326,4616404716
001085699018,1268282860
027112283816,1695224049
042111078450,3249109343
001093161377,4983668519
008092297172,9045314021
001174300286,8718607577
001094476077,2105165647
022089936267,5307868922
064157290685,0030116055
006106560407,9961718482
001008482664,2288035695
001003415212,4792939049
022165463944,4847526204
001192608341,8076378291
001035268259,6365525903
001002800123,3800962494
001098030880,2203425783
001171967804,4626812989
001164078834,0857808028
034185136637,8738929332
001012479496,7778682035
001165096566,1072007599
001170444442,2237151114
091012676411,5088863110
001084187358,6390103460
001003316737,2020688824
046066188316,5507971635
001181181787,5187012639
079192257310,0670744369
001157681155,4804843145
001113300758,4070661319
001103816630,7024018152
001103125532,0975611478
001094795340,8919746078
001107512605,9807190334
001117474770,2981100031
044021901475,8386009071
001100548306,8903916389
064066172440,8493670685
087163062910,6247848538
001125511724,7838599180
052068867194,8704123967
001124469848,2567218072
001104073902,4063336450
001006131845,3816386133
058102806690,9580771298
001179284447,3546826332
001183956853,3224677589
001040546244,8746479211
001081920228,1949585234
001179301330,5600742877
001188712183,6379649404
092100035403,2995968438
001109331799,3190635368
027184520213,5919778547
001085684212,9618560796
001021858670,6612848651
001079625873,1984692949
012116862490,0279552151
001093374607,3643489789
037154241075,1832355154
001086481775,5043758194
001192094377,1524664025
034063340690,8616681527
001006932242,6581291316
001144614375,6653887411
001050031572,8406910001
093114970940,5523959849
033063021096,3680874849
024181348056,6202916207
001009144707,5723657642
001164859490,6636087610
001104032281,7624367911
001030193230,3595318149
002190048166,9720082575
022104651300,4936439374
001166195725,1529342779
066187880798,6323235920
084154974466,8396911876
001105371542,5781025832
079068015274,4744435495
001091537819,1270272501
001105355474,2404976113
001103757223,1582426943
001013402292,3141531324
001068525012,5197702627
001065488259,6389687854
001205417758,0366125751
082050055715,7944091516
064149428540,4085820267
060015792761,5167243534
083064934989,0978350414
001281165222,8451419638
075115739005,1416276095
001012705707,4153057199
001009568301,8037375655
001113506697,7385123124
001005315024,4412051010
001113041314,2926451591
062179675310,6280473806
033182296157,3069533761
002047631000,4037659985
002012343889,8277746561
001115528371,1072112034
001044328754,1893020170
001007206256,5592344347
001096033340,1707569774
001104063346,8866240683
001181978764,7010901958
070099101122,6071279078
001271623839,5542146533
001106190226,1112706203
001106924553,5067177588
001167334757,6521160922
072004628176,1239211619
001046651483,6727464566
001095866198,9496926369
014096964710,2070009995
001003834859,5967463123
080158342216,4803181632
001098299700,4199963698
001067266610,3252200249
040136933764,8528631644
001112277361,9003216162
022090084512,1057295843
001007075897,0718695546
024197561061,0696286225
001023484144,3323774873
001119335535,5530218873
001175777476,5961635704
001014552336,3345230839
001005044972,1278246279
001186321971,3049358500
001065373709,6804272683
034013619726,3272409310
001150348032,2715148342
001194958704,2669029453
001193959203,4340878574
001108979966,3214041641
001092873489,5537805500
001097804399,3545543192
001105413001,4915325272
001066910346,1785342602
001074140721,5307028122
056169256138,6287103597
001082524936,2911076995
001004768648,9312954765
006180084504,4470569416
066004104471,7412136070
002173123996,7610856783
033103328671,1456483260
037166964804,2000548481
001006778674,9569702089
001180961963,1113998397
004176736343,1012086851
001116669330,8490978955
001105804396,0594178393
012197266944,3842726839
001106575456,0386849814
001068620588,7806073843
017001338500,7948435752
040185152993,1268943212
001088729763,6100682352
077118526414,4798259243
001003655982,3904822679
001106504178,8538067420
001122576145,8363844306
012141684015,8328301483
001116158236,7295106324
010006940873,3222408612
087170488732,8680312005
001171756289,7500056802
001062517851,5206351590
051196347298,2236470090
001190454403,8104024829
001005132074,4043381784
001093233251,7337155226
001105453268,7262611563
001075338461,7574709033
001006866102,1500381113
031084367434,9541214649
001245793189,3875456331
042137357005,2114672886
001092594527,8528452156
001044164843,4913334355
001167773720,9556367059
001114529374,3117575430
084193877533,3574647183
008014841812,7184032842
001179595164,3134422507
072192149130,4027791862
042170530915,5970584577
001184282331,9206165971
001019590563,6679507456
001114071763,4108293703
001010030753,9998147643
001004642594,7461814708
001115699098,6711125389
001003392472,5243350047
001100568717,5076691098
001013026789,5700905375
001006041850,7806268645
001144508642,0930006952
001110855398,2052593357
072195827411,6034137581
001043443057,5213036428
094123578408,7548639298
001107686673,1241500463
064215240108,1231823958
001187676314,7530809278
010176579750,0709008592
001079233593,8546372829
001061886418,2845473641
001038071479,3924343698
001190034618,7689540895
001169753163,3607493501
001101733237,0731037992
001007592070,3660537071
042105494195,4655213827
046003991930,2814180856
001021806297,8770887940
001015143864,3364984929
064066330502,0019384409
072114772397,8899595177
001102553083,5731691981
001137088916,7030667515
048104772727,9755954440
001015038987,5859243522
001104714489,3314710163
066098327745,2359521839
001105134933,7110871477
001003045341,3141290373
091115719625,6983674489
019003402579,1024040453
001168074368,5405270144
001108135536,0455324987
001093182571,4651992855
096167750875,6367832584
001119753837,7616630125
010124344908,1736673766
070192122257,8725231336
001005453252,9566604449
001017551204,8714560013
008066351220,9836096780
001091104909,9857265091
001171216811,4730580234
001018532871,0902359150
001005929360,2261390190
074186910673,3611290381
001187692901,5546357717
014004595268,1423479265
087119702750,7841841590
001167153161,8259527164
001015619155,1517099611
056194853081,4723984590
001016335026,1221148930
034104042706,4316322586
011144465689,1330238999
001105160493,5895818103
001104116084,1558108524
001164609489,7554833841
001009931583,5565575738
067004363922,8510414605
002061405254,6777136236
001009660555,7775720512
001104268308,4351322364
001095045892,3071617197
001171821676,4328426472
001037309219,7937651332
001055516415,4707526050
001199981610,8593575384
080150525147,1034434727
001062204594,1359359213
001199078278,6540800761
060170606457,7534312372
001172404011,4660683112
001007981996,2886689203
001154102137,2433516500
001018431689,9268038298
083077888740,1759101556
058014365974,7461144992
001084065043,9786248150
001016570454,1663699170
001182450673,3813443542
062194175017,8330860963
001103050494,1506942467
001103479008,5131763436
001007289310,0597787856
064106439425,6062291299
001075885406,6245752114
001017503403,5218474342
014114468776,7288477200
066006845580,5968015065
001004231459,6933194584
001015842163,1936786795
001161528813,7816849180
001099321930,2955615001
056120974329,8039661551
001005231273,4879852623
001118199913,0312627023
002097368179,2587684290
001112776339,2625413198
001118658150,6050529584
042171981293,2069629477
001016063229,3848107920
001172104426,4633655478
001107305584,5716448655
001004906500,8970052079
030075466181,7372250223
026103675442,7847242848
001002279959,1303290724
001118045634,2758377179
001184894818,3956696524
001066383523,7360631468
001089301744,1540053851
089183477319,1433404932
001011963054,8656530453
027194802089,9515761678
012183523191,6726564042
001104007967,8703009118
001101733311,1609981548
001005634019,6540063776
001003768307,3627985729
086189191224,1554223469
001133213767,1507496749
034067805269,9870787243
001167956682,3823359021
001186942281,0293602056
001199763172,4041854525
001143363434,6765220414
054134022227,8663740713
001002076461,2556818567
052004261561,0594113919
001003768196,3314508013
001176637265,8889836075
082010206796,5898180461
094043921449,7385354117
091008354522,7770687860
014169549415,4057443640
001000821528,7254723066
001184188122,0532452746
024154336315,2491585340
001190343888,1049721328
001006029319,6079825012
001111419059,9621621811
002078405892,2505918576
089129924209,5089950013
001199323601,0097671711
074198964224,1945867504
001062924767,0275184091
001232957010,8433455982
001005635632,7785754285
087006229608,0867281049
006181356302,3486816173
001010729923,1697905643
001053998173,0192156347
045002486055,6022431542
001088850270,5827130189
012116471271,9971843369
001005722997,8444301994
070181956624,2737988062
001158714090,5384679387
001013339122,5310662314
001118336678,9765808385
001197643715,7958478457
001173781622,6320664503
001120033087,8237452306
001014137875,8585623176
001006183189,2235969923
001102558619,3681475081
051071620474,5921345382
072095697794,5480893698
001011969093,8067736819
001036751097,4936206632
001088634256,7337018946
011199179678,1851032567
001003517242,7700938900
001155430910,5290745630
030005229235,0311164806
001065935771,1421325970
001014354064,0788036159
001006435762,4822034823
040104354621,5496114701
026074424960,3736499799
040114164780,2274120055
017193534994,5582971613
001102895979,6025353190
066149004084,7196439030
044187139060,1380087587
008156489312,9142174834
089165831460,6391104191
001179590761,1207950507
001088922312,0517860403
001109309683,1034352716
080002309496,8436585143
001052348454,7028022863
075104336339,4728140407
042112865505,3892150827
087111090311,8705211237
001182461090,7301302376
001006127906,9209059982
024192601484,0599335941
001105089879,9157557293
001070613089,5064790368
001102345044,1764568005
074006147563,7004540396
001017334163,4082820024
001173096685,5625488741
001199593956,0186302216
001188980279,9586267064
001071322900,7230193970
024142101551,3134717660
001003570123,2071399916
048171001747,0620752224
001183981685,3934023903
001076572892,2857890521
001014125530,8018937984
072100365635,2912728171
001083300586,1886362016
001085629237,3826847870
001112198868,9319042407
008014717612,7339898017
001109240641,4579008747
064003227703,3223904348
015119477596,3064523224
001131540363,1085877091
096002097836,4287725488
025047428253,9572972667
095209038879,3435241840
042140626496,1409499814
095103555215,3931464717
001123061276,0354805071
001000142265,0259038866
001190074249,5784471615
058035284017,8350234566
072064858764,3283427779
001103932479,0153526339
001120213232,6961508907
001198391297,5253405777
086013514573,9020600182
001109868245,0333611421
008009726102,4490525146
001014445348,0229487310
054006329438,8375537912
024148410534,6207606187
031039560350,3354079576
001184888920,4286242358
002168884330,8230107247
001176399778,9676700228
006038193915,4997808771
001091343997,6929468818
086089007789,5191951978
001105109031,4758231809
001218688827,2783063082
001022097035,0598736673
001166399556,1496552232
001170061902,4103814010
001108468517,5777990261
001069315434,4841115531
077175371292,9658598574
001105509821,1936764508
001118235212,4564371013
011187001634,5858594129
051180333226,2237345548
020002461005,1484368835
001118518221,3496064702
079013130922,9286392761
072017134602,8187782801
001105492744,5226637593
001057205071,3775080614
010005606605,9858906688
001002283135,1805146762
001116454353,3761009403
075024857058,7964875972
015081265110,9110157845
030097631470,2489694008
037007479184,8852102934
001009681184,4889646061
001103132883,3960943772
040184967556,5381900796
001191894267,4148875318
070032784388,1337928184
001013156197,4924264466
001100019648,3959866909
001013846136,8326487749
054216815220,5447437483
001185335652,3154088863
001017240362,6974492667
001018851428,5407505751
001169347359,1724963822
001015747792,2689819839
001019803502,5174316803
001177355608,4562842774
001079437037,0626848890
086163579122,8180351450
080179851986,5280310017
001102076469,0872320217
095116521164,6653744286
015119553933,2349247565
091125086864,9727572192
094132037538,9187301938
072096675914,4613058513
001199262866,2176458608
001174499112,9168775657
001004412047,0151214467
034019852864,6095928992
001067734270,4515080939
026092236133,5011421681
001113082473,8276002178
091198651789,1569427949
001158971790,2747145490
020197821060,9749078058
031020053434,3116207073
001078184797,6484621282
001149880192,7536733008
001167364020,8163478676
001202746935,7041484940
084120956399,2911277617
001014462317,4346744605
066161954024,5221511220
001188483208,9750939285
001006624987,3979268936
001107788623,1691848888
011118360706,0412439185
001183988113,4863341295
001005761832,3223862229
012038953394,7468778603
001149744957,5338126043
001183182822,7286433131
001164933017,2793393178
001080144004,6661214499
001072437293,0330824456
001116545988,2015921396
095004127230,0681959691
087072970341,2356813968
046103675739,4136901767
001123793519,7275999450
001168251229,3512556390
068104293954,5435581075
001076963021,5207786780
092191656718,6016623034
001197203007,2032659920
001183014758,6031444365
001108525889,7832933710
042118915469,9220670514
001124250776,0975766594
024142494379,5304721224
027184693589,3153143806
001084194591,3338992332
080077726090,2183635988
068029268576,3057507474
019188362224,2062330847
001005970463,9725433915
012155569952,4260805612
011179064286,0461590775
001185194972,3527221890
030023825993,5751589808
001069739046,8891597444
077093606002,5668337718
084117051021,1017139907
001017458829,0944907410
072089850600,1526132842
004096764403,5396148246
001114648870,9031345674
001024124363,0847019831
040004459157,9949099704
075079790473,6842446845
033066771996,5706214664
046067974406,7819986095
001016567463,7387319036
001170398026,5177428939
045109176174,5105486259
001099588023,4705939054
001003997624,2272277374
049000443559,4266740676
001137109877,3861607246
001188090852,8239415000
001180323948,1515528783
082010792816,8410406968
087118756937,0965019572
062102580669,8725966864
084105729041,4789269416
064020639423,0144165258
079054509651,2867657967
001089691700,6698484545
001130380479,7993036467
034080448241,8744355615
042279888434,1327786078
001018700203,8386437048
008019528431,9910508057
001008923602,0811533534
064002960622,9795618647
077079898058,9420545305
001014988637,3354807997
001117087859,9823209785
094023304324,0966785418
001084948856,3517383942
087005653495,3760319013
015106650179,0948708389
001077397665,3637739396
001069002779,6652255728
001118858055,3021304403
001167720038,5356183687
092107645084,0156148824
066064686546,8580493159
001178322096,4939088878
092085419247,8003109739
019120143896,1687507283
001080657846,0060665757
001015820962,0278713726
017109088710,4070870142
008092875277,1009839559
001079234508,3625239970
052017972414,8828048403
001194570860,4353638862
056072680253,7915533037
046289761070,0178435175
001149493809,2107861225
074174717316,5203681687
001167661666,2345789075
001105704390,4021838404
001105197716,3759761115
001197774809,9037719169
019094017520,7351378635
001071065468,9283951138
001181744861,9484827312
080104017261,1909655390
001103368437,8343981342
095106986158,3467793483
064102330662,3422202739
001092575763,3594711167
072176415667,5152623870
001179106546,3767771506
001095030578,8809763191
001107900133,6870919079
048143565407,7627569907
001040776555,4908280591
001108166670,4285988741
008117885087,7030326150
079072399812,5323976986
022189021523,2786250753
064079815871,5473659815
001083161457,8152245117
001099249084,0582427738
001105878560,5341109765
001012609987,1497922085
020005189674,7872045643
001197903272,1762753543
019044295224,3579163768
095114486379,6421252131
001193830226,8279326192
020109477408,6422405639
079004694055,3939113591
038078542178,6171661742
001198542088,7657669967
002109146774,9930404445
001097359204,2567172633
048206205181,5675720727
001105554321,7806241308
001065046776,8483952469
001073667890,6524852366
001103030637,4834898802
014089356504,2456243810
036012241854,6713008190
001093177005,2426668555
001108864996,7246106199
019107233666,2288245032
083000934437,3190199196
001017769911,9399000805
001199767554,2606374457
002050106674,4697565938
092177145946,1799429162
048020869987,1829436264
001175995654,7016296721
001113139639,0115451676
025199158725,2380721004
001025992037,4791704082
030123590495,6290313689
001023252069,8107117663
001177898548,0978597100
001104900078,6750840531
001118616199,1125081493
094114877886,5423437199
001096251868,1512360005
002181015975,6215597315
008180122543,5716488738
089277187294,4905861474
001089943781,9379420359
001191560938,9105736311
001073581368,3564457169
001177752796,6503133251
001139279602,1729673402
001066039099,9110347251
001221658578,2722675693
001114808374,5070720953
033278698564,9261743240
001185529560,0947662958
001105675950,8898960021
001190238124,3725411044
022086096967,2555311051
001087576008,5801046498
001146676243,1771077066
011104701830,2949633244
001080216580,7137381094
001190523480,4444500329
001069578582,4389369709
001104470723,7734977889
001102289564,6074046234
001004470906,8534048508
026090778657,4203211308
094148270761,2221744595
001117883588,2710131706
094178871773,4041839948
001187622587,8392523031
001155423966,0087826818
049007836588,6160842388
001104268232,3698512601
015191141459,3674253176
001105142909,5141700647
001023280702,8330604423
012070946332,4720595666
001003233759,2121968420
001087421812,9831324661
066006006943,6733849673
052180927608,1230593782
001191378776,5555424942
022081696099,1352663889
001003659832,5184970654
079091736289,8598831630
001106254071,5581743769
008091038732,5848074933
001077308628,8424270317
001098088195,3116279836
001116185587,0902509056
001089621976,2335414144
001170429680,9385646007
080081244614,1258428262
089104521551,9475418393
001071605460,3694350030
012101751743,8944618103
001160784720,1928058684
001190308298,3314756799
001097338822,1629006345
066093235180,6466332763
070095543897,5223186116
001117147268,6526359769
087124612613,2251042993
001015239430,3431735657
019073204453,2406650085
001216078392,8114970794
001002678079,4601361983
001100802832,3463027224
001114484440,9478567505
077008358304,6648972728
001012528493,3232643360
054104654683,1242448183
001019336283,7136216231
072002499841,4709236433
001003973377,4055702971
001108199502,7718519011
001093670926,8263604566
096002886360,1642393036
001070796190,6334238999
025115597058,3950584914
001058655201,6296587711
056195156890,7643993332
001103259549,7112540975
001108763286,3607620432
001170053224,3460528929
075184555328,0833480651
094010955271,8683003754
001188916190,8393546974
001182185062,3529920500
001171036585,2316622756
001100456222,0776124142
001105523522,7681916290
001172523409,5894245281
001018149833,4511657434
001157307763,4338138134
001003198387,0085008939
001093565357,3954474966
001146426794,5596892281
001093599555,3910981522
001005857860,5614124884
001105462214,9973177436
001077466129,9644988171
001059568306,7274095721
040107648178,8353078948
001089601569,2251132247
072205391079,1090422614
001084209645,1266638132
001077455963,0837363490
001108614960,2137209353
001083231985,5609176940
001003596043,8451488502
001002314146,9980214198
034083767157,4932151010
020193123399,4785432795
001124721143,5782943096
074104299798,7696946813
060093198480,1239002556
001080080025,8369402613
014087434526,4706638816
001071787093,6128972553
083113961294,6008572246
067173847369,2673449052
084129293332,0164177795
001176588855,8046674430
001001117127,3232677084
001118835653,1032371652
051070902997,0507515601
002119567097,9421061031
001051770734,3968970532
001152907678,5389482204
068002245831,6891529320
001245507901,1563478561
001005515299,1392585345
062103668895,8177980653
037297582226,1493698486
001009215375,2032294665
001184962548,1620714740
001008142416,4453955541
001111560314,1133082101
006081769759,5646546620
001092895309,2046936437
006199672712,0653891818
001183760717,4762657843
001106104925,0412115834
001191202656,5460576683
056011627983,6186880261
001014814635,6231912479
001198637409,7159228929
051004501360,8337269451
011079814897,0986708390
001184029871,5861297802
001073397711,1522006902
001120585146,3132348304
001190545581,2925578302
001017061077,5700535122
037113447225,0370346192
001182809933,6395539342
040024307242,2233767012
001108639708,0504435729
001116761232,6636778381
044172724205,6762129841
004181618323,6237360414
058034953238,7413747142
001007961410,1192883910
001012695138,8772063225
001005486391,1999040254
017095354112,4146236584
001013189999,4632837124
001003668058,8406363822
001179969688,0842064594
001116403835,3898737996
040104827645,6750203443
001005844066,7721562879
001016714511,7761908843
001011253445,2382517425
025105135988,6578840935
001108369079,2837415336
001076573009,0074284324
001084256828,0942860737
001099409131,5243473192
012007948604,3936487086
001107515474,7634383701
072018573735,8294609217
001184420547,8227778030
001003638798,8537017676
001107281723,4898852031
002162115489,7692261656
051117039923,7069248555
001184486955,0091891451
001005976405,3147943930
001160861863,5790347192
001106385900,1864978927
011010540006,5776301712
037075009297,7557845408
012015396456,2879817307
001025406658,5321022322
001091728313,0375501073
074265498003,0017713735
026166033353,7824273188
001084594084,2445444730
001098290625,4101898389
052192956763,0105036403
001015118724,4113625579
001067426741,4650224061
001069320477,2331887935
017089965141,5235815812
094009100241,7378652244
001020220338,3246922032
001106299121,0460460631
052125557436,2536423509
086074847575,6483399572
087118971101,9037043662
001093926666,5821653492
001003834762,7609475418
001009665496,1521616402
001199259514,7269881964
001003241525,0478602011
001132943216,1437545044
001021035672,0138052731
001107983918,9005691321
001113426268,3525798856
001191639025,5355910010
001176332564,6229172243
001170690695,0823675199
068004709484,2106834960
001021327297,1288884393
014022626283,6380325783
046094842154,1129713172
001088316390,8328876541
038081807897,4412137701
049064105756,4515897148
001160484877,4387080245
001010599987,4897220652
001176458057,2752183811
001054197995,3000273833
095104020637,1105560513
089115366365,1467932597
031174048643,8857654875
001086356120,6194750993
072119722353,7439493851
001000595580,6233012604
044113744946,8325656071
001003048966,4121459617
058011906742,2709624400
004004714395,7926484441
001159637578,7743700622
001005707267,2192242982
001101906657,5767412526
066009106213,2785692804
034140902394,6762380762
001181652354,8188349160
001004226643,6413055660
064183925747,6273661824
014079720088,0279748785
086218169986,8199775324
001005254940,7778431051
022014251575,6172844851
001076110140,5610350031
045111225812,6352944789
001117754852,2652071861
001004468647,9657594314
008007629867,0807352583
094086702169,9728955972
001085779755,8939248643
058021223034,8825933781
001083471528,4567333090
001165271127,8065990014
001049724875,6472181247
001118664293,9018986150
095010310027,1909482172
001152206817,5278386675
001134000024,4611362864
054103292202,6033574622
001007251023,1155951752
001079107931,8414539337
001188303473,3851048497
034069101802,7844753865
025042255285,2991209797
001104022240,9199426159
054136388492,6249413296
092104694234,8856156940
001070257723,3762596628
001188389785,9171533187
038103127861,3007871900
001004987167,6181313332
072050130764,1927333391
001174750200,2396763108
011094527117,3055771755
030111434712,7999967315
012086354750,1079469856
079107439879,8746001862
001014096842,8143686640
001111851013,6568726742
010000256024,6481488706
038179255396,2879669978
001192549548,2625282807
001107340175,2651602953
001185857579,0933009776
001097300099,3417299818
001113040965,6194490857
001106613197,8714001670
001100310196,7257823006
001110538731,3743669339
001019549466,5970150460
046195458263,7796170713
017006262964,0046239413
001049968035,1280520757
040158174031,4289228812
030067102998,4544781968
086003059817,3435196169
017179246412,4184094996
001072866441,4432986071
095108994571,1507589412
012070164934,6231543549
001164169970,7228405648
010172770512,2493260698
001081209998,5935981423
001104129623,9721417356
001065870421,1282024558
001169338228,2186998431
001117972907,5287937575
001054013761,9035891191
001033487915,0940040670
001183384151,9947354968
001172897111,3832492319
094189187552,8201669223
001183274960,8443034114
001112144035,1009835930
089123217100,6591816736
094171743614,4161824335
014069981594,2598901443
001093757458,5363700709
001162999342,0037502732
001209465391,1145350519
001076459643,0729591377
066092911262,5199136167
062108313494,4997743865
001042376228,1826372748
083120302745,5296002071
001001143633,0895729956
001011427037,7962315521
001004814633,3888295456
014066914216,9132807062
001106049277,3080487521
001070408819,8999981796
077015181901,7177840809
011100869486,4204239425
064160353137,5475969320
001165034873,8066380941
001081252887,8327723457
010069912850,1837984259
001079662430,4480219922
058010727447,3153832986
001012131040,0438644033
001187084833,6664310464
012018293095,6900735635
001069027518,0103209362
094006721163,0994330666
001105169281,7706197692
074116949186,9384853622
001009915188,4608548766
089060641453,4451972533
001097420683,9957798622
001016607778,7196167602
002168387876,6915755497
001118058964,4094373261
001006952573,3680769995
091119936267,8474821225
001067233614,8233778318
001099938354,8558372413
001046059636,2217742688
001089410601,8712461091
001002991707,0063650887
001022581997,7447342900
001004691813,7960427160
001199258551,4286098422
024121429989,2185437763
001009421140,8257988275
001105602547,5144513835
001005021878,0997172592
048117148626,7665281703
040040317441,4171571960
001009208419,1921760447
001015559464,1388144882
001168663150,5719593053
001006981560,8092703255
060032562176,7306988861
017102818580,1237725370
062186953939,0328856914
001003690099,7961608356
001116669103,8725165892
011071039135,4211422545
091117659426,0977687190
001131304097,9150824811
001067345630,3479121298
001033512646,7460620199
001006317663,9018116172
001084205960,1389241856
046023277910,2784734164
001117055181,3946428322
026211900405,5435264619
001090936325,1362375625
001113835883,3595784402
004062501856,5697176416
001011791967,9497316969
001159077228,2339126178
001096276585,5882353083
001003542341,1918295628
052063051324,7023761114
001095197408,0952892037
001075002425,9911898467
001077446379,8572687883
001105671012,5183147209
001078464134,5101870958
052191201343,9441987053
001004517842,9179989821
024164616425,1237629957
094002589788,0657168659
001075580228,4064819158
062091264240,5330188134
001068325014,2576227788
012193963159,7140841920
001113124194,7616620296
066143565382,6558186532
001065333664,6053491861
036178211361,8428430615
001005522629,5349207333
038064681733,4054857047
001192110425,2019143025
001085722405,7777884201
001011274100,3133106016
001116018842,0429226371
091082281141,9651375882
001160643516,3356932230
001129858830,2895692012
001014996015,5269136484
020069554142,1987847855
001105979633,7984813456
001078716307,5948705259
001110378396,5849796044
001118336902,4189152801
006004546458,3817747617
001098251468,0362887257
014086166556,0333231213
001078808536,7022244352
001132862925,9355376484
045016779882,8970861224
001195553017,9751357778
001010555446,1739815096
001182531023,6455976933
001071230926,8772110747
001016849126,2347876660
001033395219,1352466844
001116392516,9826122025
070187833303,0026211503
010073692299,9261746285
027070853739,2598818165
001003628875,6773943648
054122649892,4833146233
001076849810,9612699789
026102189730,6677184237
001166938385,8712245307
036114938442,5142195470
001094405082,8670809190
001006421268,7250383025
001162054067,6131629319
058156889292,3383898052
001079837954,4798647394
001085333306,1608844745
001111972019,8105377457
001030578017,7568885974
001184003102,2288621137
001068059572,2620138195
001174684215,0509328942
001180117548,3093776441
001109430760,5078858511
001165912378,7493477866
001087293135,9177542778
001124268557,1070164873
001025130172,4729422585
025111750082,7449352910
034109504649,3640650660
001083849806,3474942576
001193735704,5470884943
001197745219,9947122740
001106839217,3413840751
093190751425,8223558222
001124568821,3290538803
048006702835,4157280847
084015018922,4688271017
083106500671,7186083491
001064473148,2647367635
001034343094,1731869930
001175991003,8644225185
001006189066,4951773371
001107642013,8139514952
025013675707,0539292211
001119260008,3254801280
001199115007,6828036330
001006920657,6222238745
001169870989,9781787166
067071314514,1878085921
040084937874,8304262616
001065591877,8477213334
045156663554,4032893709
027065751469,1772153701
022107291243,0285014232
001004131295,1127272992
001065512710,4456045499
001092525306,7449784694
001010445820,2208430409
001104603686,4734758001
001165893726,9449968305
001002788331,9449281560
001094674442,8960278533
001002594333,2111549735
001129808788,1441605519
001173723858,2557235107
052014308424,1362426742
026193844957,4369332397
001019520477,8015499199
037074471209,0832523754
084107347046,5478395944
001011457709,9674221457
080080939492,8115347748
001152549173,5232609071
001158386277,5893801336
072022101351,4918015820
001003150759,0202799466
001110214998,3524698679
001089859634,1032738885
001009561501,5887012638
001195314595,1580100775
001114755677,4802259586
095133163261,7770990259
001017659945,6014609107
001210285177,1368126511
001116753569,4735319231
001083056594,7266808950
001072734477,8309896388
091122839444,2249857053
024117799522,9254309471
084007214910,6860138838
070164194738,6918650148
001083899660,9587257178
082197552486,9642792652
011020307676,4993229686
015004374342,1920625026
001121985761,4142214002
001002404660,7039505166
004005310034,9479249926
001196930362,1263650157
001109627895,0234238518
010001234088,3520610356
001156997499,7174184807
092181433935,2654303271
075155177445,5799923743
001086888257,8826043512
079011322531,6293017824
004069543159,7522078045
001113550560,5993156835
001116977282,8308486940
017020075689,4131869329
001012227878,3625628961
091138028022,3026686505
001079948910,2311229770
002115840990,8016288863
093104861193,5587814425
044172091301,0476919050
001212463697,6052460400
001122377220,6041945971
001012038731,6062077261
001062905419,8416244330
026178699194,6405314063
001164116103,4982775093
001023626797,2284556183
001103520867,9532515233
001031535363,4684679795
036123726382,9464862146
001089688293,2176901450
038106610960,6944137180
001104441460,4348343008
001111980891,8371598956
001083367424,5892982992
001007092629,3045806689
001099882978,8584406580
001112611054,9538570408
001008954910,9556671760
001174002597,1440937076
001007820297,9904025304
083084116090,3896061300
001118034706,3736578567
001131430063,2782642432
027086208308,6792016280
001017276265,0342021803
001186318750,6537623423
082005604101,3934051745
001088180628,7265551308
001004820266,0069221051
001013172577,5953798359
001067491609,0839096577
001002689492,4550489201
001109097889,7726398261
001031900445,6548365162
001157441116,9240789010
042005047656,2593916061
001192522333,7092594332
015023142130,7673172602
001118590142,5692156904
008169704616,6269748501
001017383081,0363406156
001078302694,8916437041
001175145631,6938066196
012070381758,7237918387
001014445017,9735738398
001016161822,2026374386
001125468471,5287569556
014089052072,4068088808
091016860568,2188830723
001106323402,0751561113
001100831013,2172472364
011114282250,9910166303
001124429220,2333005344
036004076685,5907943266
001286322349,6825187532
015017483870,8202183245
001002847419,9784209329
001011268939,2474447654
095105701504,4628095298
001265764005,3026905757
011077395902,9541957769
060109887522,8778945318
001077523248,7893234036
040013954312,3426695061
001154035523,4693549300
006007650097,1011463113
048043573322,9248938737
001186874910,6513588659
001031800892,2649402259
001149045886,6882076182
001087888882,8882603260
089060860932,3223845125
001199704125,6887674313
001016174708,8856337216
001198525231,1041672135
001119859391,0090433044
079107666286,2149466748
001168024158,2160438136
001185514200,0625200617
001103781496,6722406590
001089191545,4676496081
080170262735,6147543921
001171740243,8945184181
040084844803,1619955231
001071194836,8348801409
049185958367,7750516792
001188914937,7493622819
091123707497,4522286541
027198852146,5570530654
093041680302,2555654095
038196556733,5461896904
001065523525,8781869144
001102725434,3963008335
089083515232,4360334944
017032187386,2996189471
001074819100,8036281165
001114664885,4933845040
030099689156,2420645244
089097781890,5815669023
037061191387,1093380835
001112020987,0093338916
001179369036,3841043089
001178410486,0071124963
001157832653,6888392097
001077096161,8928730349
001117064973,6473756300
001168844825,2308219236
001110621999,7854607222
001195581937,4176864096
001006287220,4557684633
001024903860,9914073520
001116894785,8220975884
001098378552,1518401315
006168727332,2948442991
001159350826,7637887013
001191780690,1598137837
010108590272,7950176367
042116321472,4063625460
001205169634,4671999054
001207201338,2926037332
001005501116,2184675129
001013510311,2419214395
033003734998,5988473738
001024998028,4280211708
001006888959,5985131783
001005887906,3253844182
012119168310,5254835242
001166340062,7074735941
001070855957,6942911559
058164016688,6346878773
001011701731,8123591152
001122446948,4511528819
001165564067,7125671956
001105072037,7678209316
064020275009,9433268260
001107624779,9298903752
004011644723,8405779119
072007986480,0233040680
015113659521,6910005668
001103123063,2367262388
001083049578,4852955075
001192368832,8821268025
086124365414,5980985337
093013801124,2537722647
064009704403,5974158139
001006927373,3100588088
020153286344,5175983006
001024182608,9270371856
068078904016,1095650054
001098533813,5485125727
001191441847,4390817054
084021059408,1620340252
001072386061,8946978349
001003189593,0123809929
001177272406,6160156476
001115411387,7151399076
001094985646,6760515783
014066275710,8871124954
001105127353,1906949101
015166935104,2845126400
026171271637,9399093233
017004088653,2318773036
001137689338,5217639365
068199396281,9102957706
001069559197,5632217112
038074739326,2282724163
048005875002,4826198033
001011911521,2925210904
001084411133,0626794965
054065686126,2042625726
006006763449,3362880706
001116023240,9738986950
001069597055,2575434577
001186790945,0713373979
072017449371,3949140430
001078733383,1231515577
001000757316,8500913655
001177680388,4065707342
001180572681,6899693816
012097257077,4041461207
086018698276,8437998361
001084246207,1522203520
001114104550,5262600602
017098518363,0469232652
080183351390,0404575465
094004865232,5866544585
001047826977,1706673704
001010069070,7335672434
019114396881,9058052436
001103331108,6853990099
001196156551,0308663675
001115359247,6470935977
034183391974,3253320707
030100675557,4389149470
001115485601,6862880688